Z Cha (AB) c,12000,9.9
YZ Cet d,4.65626,0.02851
YZ Cet c,3.05989,0.02156
YZ Cet b,2.02087,0.01634
XO-7 b,2.8641424,0.04421
XO-6 b,3.7650007,0.0815
XO-5 b,4.1877537,0.0487
XO-4 b,4.12473,0.05485
XO-3 b,3.1915239,0.0454
XO-2S c,120.8,0.4756
XO-2S b,18.157,0.1344
XO-2N b,2.615838,0.0369
XO-1 b,3.9415128,0.0488
WTS-2 b,1.0187074,0.01855
WTS-1 b,3.352059,0.047
Wolf 503 b,6.00118,0.0571
Wolf 359 c,2.68687,0.018
Wolf 359 b,2938,1.845
Wolf 1061 d,217.21,0.47
Wolf 1061 c,17.8719,0.089
Wolf 1061 b,4.8869,0.0375
WISE J0720-0846,1388,1.3
WISE J0458+6434 B,15500,4
WISE J0458+6434 A,15500,1
WISE 1711+3500 b,125000,15
WISE 1217+16 A b,47400,7.6
WD 0837+185 B,0.175,0.006
WD 0137-349 b,0.07943002,0.003
WASP-99 b,5.75251,0.0717
WASP-98 b,2.96264,0.036
WASP-97 b,2.07276,0.03303
WASP-96 b,3.4252602,0.0453
WASP-95 b,2.184673,0.03416
WASP-94 B b,2.00839,0.0335
WASP-94 A b,3.9501907,0.055
WASP-93 b,2.7325321,0.04211
WASP-92 b,2.1746742,0.0348
WASP-91 b,2.798581,0.037
WASP-90 b,3.916243,0.0562
WASP-9 b,1.99,0.0311
WASP-89 b,3.3564227,0.0427
WASP-88 b,4.954,0.06431
WASP-87 A b,1.682795,0.02946
WASP-85 A b,2.6556777,0.039
WASP-84 b,8.5234865,0.0771
WASP-83 b,4.071252,0.059
WASP-82 b,2.705782,0.0447
WASP-81 c,1297,2.426
WASP-81 b,2.7164762,0.03908
WASP-80 b,3.0678504,0.0346
WASP-8 c,4093,5.05
WASP-8 b,8.158715,0.0801
WASP-79 b,3.6623817,0.0539
WASP-78 b,2.17517656,0.0415
WASP-77 A b,1.3600309,0.024
WASP-76 b,1.809886,0.033
WASP-75 b,2.484193,0.0375
WASP-74 b,2.1377445,0.03443
WASP-73 b,4.08722,0.05512
WASP-72 b,2.2167421,0.03708
WASP-71 b,2.9036747,0.04631
WASP-70 A b,3.7130203,0.04853
WASP-7 b,4.9546416,0.0617
WASP-69 b,3.8681382,0.04525
WASP-68 b,5.084298,0.06206
WASP-67 b,4.61442,0.0517
WASP-66 b,4.086052,0.0546
WASP-65 b,2.3114243,0.0334
WASP-63 b,4.37809,0.0574
WASP-62 b,4.411953,0.0567
WASP-61 b,3.8559,0.0514
WASP-6 b,3.361006,0.0421
WASP-58 b,5.01718,0.0561
WASP-55 b,4.465633,0.0533
WASP-53 c,2840,3.73
WASP-53 b,3.3098443,0.04101
WASP-52 b,1.7497798,0.0272
WASP-50 b,1.9550959,0.02913
WASP-5 b,1.6284246,0.02729
WASP-49 A b,2.7817387,0.0378
WASP-48 b,2.143634,0.03444
WASP-47 e,0.78961,0.0173
WASP-47 d,9.0304,0.088
WASP-47 c,596,1.41
WASP-47 b,4.15912,0.052
WASP-46 b,1.43037,0.02448
WASP-45 b,3.1260876,0.04054
WASP-44 b,2.4238039,0.03473
WASP-43 b,0.81347753,0.01526
WASP-42 b,4.9816872,0.0458
WASP-41 c,421,1.07
WASP-41 b,3.052404,0.04
WASP-4 b,1.338231602,0.02312
WASP-39 b,4.055259,0.0486
WASP-38 b,6.871815,0.07551
WASP-37 b,3.577471,0.04339
WASP-36 b,1.5373653,0.02624
WASP-35 b,3.161575,0.04317
WASP-34 b,4.3176782,0.0524
WASP-33 b,1.21986967,0.02558
WASP-32 b,2.71865,0.0394
WASP-31 b,3.405909,0.04657
WASP-3 c,3.75,0.051
WASP-3 b,1.8468372,0.0313
WASP-29 b,3.922727,0.0457
WASP-28 b,3.40883,0.04469
WASP-26 b,2.7566004,0.03985
WASP-25 b,3.76483,0.0474
WASP-24 b,2.3412127,0.03651
WASP-23 b,2.9444256,0.0376
WASP-22 b,3.5327313,0.04698
WASP-21 b,4.3225126,0.052
WASP-20 A b,4.8996285,0.06003
WASP-2 A b,2.15222144,0.03138
WASP-192 b,2.8786765,0.0408
WASP-190 b,5.367753,0.0663
WASP-19 b,0.78884,0.01616
WASP-189 b,2.724033,0.0497
WASP-185 b,9.38755,0.0904
WASP-184 b,5.1817,0.0627
WASP-183 b,4.1117771,0.04632
WASP-182 b,3.3769848,0.0451
WASP-181 b,4.5195064,0.05427
WASP-180 A b,3.409265,0.048
WASP-18 b,0.9414518,0.02047
WASP-178 b,3.3448285,0.0558
WASP-177 b,3.071722,0.03957
WASP-176 b,3.899052,0.0535
WASP-175 b,3.0652907,0.044
WASP-174 b,4.2337005,0.05503
WASP-172 b,5.477433,0.0694
WASP-171 b,3.8186244,0.0504
WASP-170 b,2.34478022,0.0337
WASP-17 b,3.735438,0.0515
WASP-169 b,5.6114118,0.0681
WASP-168 b,4.153658,0.0519
WASP-167 b,2.0219591,0.0365
WASP-166 b,5.443526,0.0642
WASP-165 b,3.465509,0.04823
WASP-164 b,1.7771255,0.02818
WASP-163 b,1.6096884,0.0266
WASP-162 b,9.62468,0.0871
WASP-161 b,5.4060425,0.0673
WASP-160 B b,3.768495,0.0455
WASP-16 b,3.1186009,0.0421
WASP-159 b,3.840401,0.0538
WASP-157 b,3.9516205,0.0529
WASP-156 b,3.836169,0.0453
WASP-153 b,3.332609,0.048
WASP-151 b,4.533471,0.055
WASP-150 b,5.644207,0.0694
WASP-15 b,3.7520656,0.0499
WASP-147 b,4.60273,0.0549
WASP-146 b,3.396944,0.0451
WASP-144 b,2.2783152,0.0316
WASP-143 b,3.778873,0.049
WASP-142 b,2.052868,0.0347
WASP-141 b,3.310651,0.0469
WASP-140 b,2.2359835,0.0323
WASP-14 b,2.2437661,0.036
WASP-139 b,5.924262,0.062
WASP-138 b,3.634433,0.0494
WASP-137 b,3.9080284,0.0519
WASP-136 b,5.215357,0.0661
WASP-135 b,1.4013794,0.0243
WASP-134 b,10.1467583,0.0956
WASP-133 b,2.176423,0.0345
WASP-132 b,7.133521,0.067
WASP-131 b,5.322023,0.0607
WASP-130 b,11.55098,0.1012
WASP-13 b,4.353011,0.05379
WASP-129 b,5.748145,0.0628
WASP-128 b,2.20883665,0.0359
WASP-127 b,4.178062,0.052
WASP-126 b,3.2888,0.0449
WASP-124 b,3.37265,0.0499
WASP-123 b,2.977641,0.0431
WASP-122 b,1.7100567,0.03107
WASP-121 b,1.2749255,0.02544
WASP-120 b,3.6112706,0.0522
WASP-12 b,1.0914203,0.0234
WASP-119 b,2.49979,0.0363
WASP-118 b,4.0460435,0.05453
WASP-117 b,10.02165,0.09459
WASP-114 b,1.5487743,0.02851
WASP-113 b,4.542168745,0.05885
WASP-112 b,3.0353992,0.0382
WASP-111 b,2.310965,0.03914
WASP-110 b,3.7783977,0.0457
WASP-109 b,3.3190233,0.0463
WASP-108 b,2.6755463,0.0397
WASP-107 b,5.72149,0.055
WASP-106 b,9.289715,0.0917
WASP-105 b,7.87288,0.075
WASP-104 b,1.7554137,0.02918
WASP-103 b,0.925542,0.01985
WASP-102 b,2.709813,0.0401
WASP-101 b,3.585722,0.0506
WASP-100 b,2.849375,0.0457
WASP-10 b,3.0927616,0.0371
WASP-1 b,2.5199448,0.03958
VB 10 b,271.56,0.36
V830 Tau b,4.93,0.057
V391 Peg b,1170,1.7
V 1298 Tau e,60,0.308
V 1298 Tau d,12.4032,0.1083
V 1298 Tau c,8.24958,0.0825
V 1298 Tau b,24.1396,0.1688
UZ For (AB) d,1900,2.8
UZ For (AB) c,5800,5.9
ups And e,3848.86,5.2456
ups And d,1281.439,2.55
ups And c,240.937,0.861
ups And b,4.61711,0.059
TYC+1422-614-1 c,569.2,1.3916
TYC+1422-614-1 b,198.44,0.6879
TYC-3667-1280-1 b,26.468,0.21
TYC 4282-605-1 b,101.54,0.422
TYC 3318-01333-1 b,562,1.414
TW Hya b,3.56,0.041
TrES-5 b,1.4822446,0.02446
TrES-4 b,3.5539268,0.05084
TrES-3 b,1.30618608,0.0226
TrES-2 A b,2.470613374,0.03555
TrES-1 b,3.0300722,0.0393
TRAPPIST-1 h,20,0.063
TRAPPIST-1 g,12.35294,0.0451
TRAPPIST-1 f,9.20669,0.0371
TRAPPIST-1 e,6.099615,0.02817
TRAPPIST-1 d,4.04961,0.02144
TRAPPIST-1 c,2.4218233,0.01521
TRAPPIST-1 b,1.51087081,0.01111
TOI-905 b,3.739494,0.04666
TOI-849 b,0.76552398,0.01598
TOI-813 b,83.8911,0.423
TOI-700 d,37.426,0.163
TOI-700 c,16.051998,0.0925
TOI-700 b,9.97701,0.0637
TOI-677 b,11.2366,0.1038
TOI-564 b,1.651144,0.02734
TOI-421 c,5.19676,0.0557
TOI-421 b,16.06815,0.1182
TOI-402 c,17.1784,0.1235
TOI-402 b,4.75642,0.05245
TOI-270 d,11.38014,0.0733
TOI-270 c,5.660172,0.0472
TOI-270 b,3.36008,0.0306
TOI-263 b,0.556814,0.01
TOI-257 b,18.38827,0.1523
TOI-216 c,34.5558,0.2068
TOI-216 b,17.085,0.1293
TOI-169 b,2.2554477,0.03524
TOI-163 b,4.231306,0.058
TOI-157 b,2.0845435,0.0318
TOI-150 b,5.857487,0.0643
TOI-1338,95.141,0.4491
TOI-132 b,2.1097008,0.026
TOI-125 d,19.98,0.137
TOI-125 c,9.15059,0.0814
TOI-125 b,4.65382,0.05186
TOI-1235 b,3.444717,0.03826
TOI-1130 c,8.350381,0.07098
TOI-1130 b,4.066499,0.04394
TOI 172,9.47721,0.0913
theta Cyg b,154.5,0.63
Teegarden's c,11.409,0.0443
Teegarden's b,4.91,0.0252
tau Gem b,305.5,1.17
tau Cet h,49.41,0.243
tau Cet g,20,0.133
tau Cet f,636.13,1.334
tau Cet e,162.87,0.538
tau Cet d,94.11,0.374
tau Cet c,35.362,0.195
tau Cet b,13.965,0.105
tau Boo A b,3.31249,0.046
TAP 26 b,10.91,0.0975
SWEEPS-16 b,0.969,0.017
SWEEPS-15 b,0.541,0.01
SWEEPS-14 b,2.965,0.037
SWEEPS-13 b,1.684,0.027
SWEEPS-12 b,2.952,0.038
SWEEPS-11 b,1.796,0.03
SWEEPS-10 b,0.424,0.008
SWEEPS-09 b,1.617,0.025
SWEEPS-08 b,0.868,0.017
SWEEPS-07 b,1.747,0.027
SWEEPS-06 b,3.039,0.042
SWEEPS-05 b,2.313,0.03
SWEEPS-04 b,4.2,0.055
SWEEPS-03 b,1.27,0.021
SWEEPS-02 b,0.912,0.015
SWEEPS-01 b,1.56,0.025
sig Per b,579.8,1.8
SDSS J1228+1040 b,0.0857,0.0034
SDSS J105213.51+442255.7 B,3144,1.84
SDSS J080531+481233 B,738,0.76
RR Cae (AB) b,4350,5.3
Ross 128 b,9.8658,0.0496
rho CrB b,39.645,0.22
QS Vir b,2869,4.2
Qatar-9 b,1.540731,0.0234
Qatar-8 b,3.71495,0.0474
Qatar-7 b,2.032046,0.0352
Qatar-6 A b,3.506189,0.0423
Qatar-5 b,2.8792319,0.04127
Qatar-4 b,1.8053949,0.02861
Qatar-3 b,2.5079204,0.03783
Qatar-2 b,1.3371182,0.02149
Qatar-10 b,1.645321,0.0286
Qatar-1 b,1.42002504,0.02332
PTFO 8-8695 b,0.448413,0.008333
PSR J1544+4937 b,0.1207729895,0.00537
PSR J1502-6752 b,2.48445723,0.04
PSR J1446-4701 b,0.2776660773,0.0093
PSR B1620-26 (AB) b,36525,23
PSR B0943+10 c,1460,2.9
PSR B0943+10 b,730,1.8
PSR B0329+54 b,10139.34,10.26
PSR 1719-14 b,0.090706293,0.0044
PSR 1257 12 d,98.2114,0.46
PSR 1257 12 c,66.5419,0.36
PSR 1257 12 b,25.262,0.19
Proxima Centauri c,1894,1.48
Proxima Centauri b,11.185,0.048
Pr 0211 c,5300,5.8
Pr 0211 b,2.14609,0.03184
POTS-1 b,3.1606296,0.03734
pi Men c,6.26834,0.06702
pi Men b,2091.2,3.22
PDS 70 c,69945,30.2
PDS 70 b,45108,22.7
omi UMa A b,1630,3.9
omi CrB b,187.3,0.83
ome Ser b,277.02,1.1
OGLE2-TR-L9 b,2.4855335,0.0308
OGLE-TR-56 b,1.211909,0.0225
OGLE-TR-3 b,1.1899,0.025
OGLE-TR-211 b,3.67724,0.051
OGLE-TR-182 b,3.9791,0.051
OGLE-TR-132 b,1.689868,0.0306
OGLE-TR-113 b,1.4324772,0.0229
OGLE-TR-111 b,4.01451,0.047
OGLE-TR-109 b,0.589128,0.016
OGLE-TR-10 b,3.10129,0.04162
OGLE-2018-BLG-0740L b,3100,4.2
OGLE-2016-BLG-1190L b,1223.6,2.17
OGLE-2006-109L c,4931,4.5
OGLE-2006-109L b,1790,2.3
OGLE-2005-390L b,3500,2.1
OGLE-2005-071L b,3600,3.6
NY Vir (AB) c,9861.75,7.54
NY Vir (AB) b,2987.745,3.39
nu Oph c,3184.83,5.931
nu Oph b,530.21,1.79
nu Oct b,418,1.2
NSVS 1425 (AB) d,3181,3.12
NN Ser (AB) d,2830,3.39
NN Ser (AB) c,5660,5.38
NLTT 5306 b,1.698,0.00263
NLTT 41135 b,2.889475,0.024
NGTS-9 b,4.43527,0.058
NGTS-8 b,2.4997,0.035
NGTS-7A b,0.67599,0.0139
NGTS-6 b,0.882058,0.016623018
NGTS-5 b,3.3569866,0.0382
NGTS-4 b,1.3373508,0.019
NGTS-3A b,1.6753728,0.023
NGTS-2 b,4.5111204,0.0584
NGTS-10 b,0.7668944,0.0143
NGTS-1 b,2.647298,0.0326
NGC 4349 127 b,677.8,2.38
NGC 2423 3 b,714.3,2.1
mu Leo b,357.8,1.1
mu Ara e,4205.8,5.235
mu Ara d,310.55,0.921
mu Ara c,9.6386,0.09094
mu Ara b,643.25,1.5
MOA-2009-BLG-387L b,1970,1.8
MOA-2009-BLG-266L b,2780,3.2
MASCARA-3 b,5.5514926,0.06971
MASCARA-2 b/KELT-20 b,3.4741085,0.0542
MASCARA-1 b,2.14878,0.043
MARVELS-8 b,36.045,0.215
MARVELS-19 b,122.2,0.52
MARVELS-18 b,117.6,0.51
MARVELS-17 b,103.4,0.45
MARVELS-16 b,31.656,0.2
MARVELS-13 b,147.6,0.54
MARVELS-12 b,252.5,0.85
MARVELS-11 b,11.6121,0.1
MARVELS-10 b,217.3,0.71
LX Ser b,8330,9.1
Lupus-TR-3 b,3.91405,0.0464
LTT 3780 c,12.252048,0.077
LTT 3780 b,0.7683881,0.012
LTT 1445A b,5.35882,0.03807
LSPM J2116+0234 b,14.446,0.0876
LP 791-18 c,4.989963,0.029392
LP 791-18 b,0.948005,0.00969
LP 415-17 d,40.718,0.1937
LP 415-17 c,13.85,0.0946
LP 415-17 b,6.342,0.0562
LP 358-499 d,11.0234,0.077
LP 358-499 c,4.8679,0.045
LP 358-499 b,3.0712,0.033
LKCA 15 b,40000,15.7
LHS 3844 b,0.46292792,0.00623
LHS 2397a B,5194,3.09
LHS 1815 b,3.81433,0.0404
LHS 1140 c,3.777931,0.02675
LHS 1140 b,24.73712,0.0875
Lalande 21185 b,9.8684,0.068
L 98-59 d,7.4513,0.05
L 98-59 c,3.6904,0.0315
L 98-59 b,2.2532,0.0227
L 168-9 b,1.4015,0.02091
ksi Aql b,136.75,0.58
KPS-1 b,1.706291,0.0269
KOI-74 b,5.188754,0.074
KOI-4427.01,147.6606,0.419
KOI-415 b,166.78805,0.593
KOI-410 b,7.217,0.08
KOI-368 b,110.3216,0.581
KOI-195 b,3.21751883,0.0414
KOI-192 b,10.290994,0.091
KOI-188 b,3.79701816,0.0464
KIC 9704149 b,697.0159,1.46
KIC 9662267 b,466.202,1.12
KIC 7917485 b,840,2.03
KIC 6805414 b,200.249,0.68
KIC 6372194 b,281.5848,0.78
KIC 6185331 b,49.76971,0.2672
KIC 5732155 b,644.1685,1.52
KIC 5522786 b,757.1639,1.98
KIC 5094412 b,276.88,0.78
KIC 5010054 b,904.24,1.86
KIC 2437209 b,281.2228,0.87
KIC 12454613 b,736.3819,1.54
KIC 11152511 b,287.363,0.85
KIC 10544976 (AB) b,6136,6.56
KIC 10255705 b,707.3793,1.6
Kepler-953 b,88.4075,0.19757
Kepler-93 b,4.72673978,0.053
Kepler-91 b,6.24658,0.072
Kepler-90 i,14.44912,0.2
Kepler-90 h,331.60059,1.01
Kepler-90 g,210.60697,0.71
Kepler-90 f,124.9144,0.48
Kepler-90 e,91.93913,0.42
Kepler-90 d,59.73667,0.32
Kepler-90 c,8.719375,0.089
Kepler-90 b,7.008151,0.074
Kepler-9 d,1.592851,0.0273
Kepler-9 c,38.969,0.229
Kepler-9 b,19.22418,0.143
Kepler-89 e,54.319931,0.298
Kepler-89 d,22.3430004,0.165
Kepler-89 c,10.423707,0.099
Kepler-89 b,3.7432451,0.05
Kepler-88 c,22.3395,0.1529
Kepler-87 c,192.363,0.664
Kepler-87 b,114.73709,0.471
Kepler-86 b,282.5254,0.824
Kepler-85 e,25.216751,0.163
Kepler-85 d,17.91323,0.13
Kepler-85 c,12.51217,0.10369
Kepler-85 b,8.305992,0.07891
Kepler-84 f,44.552169,0.25
Kepler-84 e,27.434389,0.181
Kepler-84 d,4.224537,0.052
Kepler-84 c,12.882525,0.108
Kepler-84 b,8.725854,0.083
Kepler-83 d,5.169796,0.051
Kepler-83 c,20.08976,0.126
Kepler-83 b,9.770513,0.078
Kepler-82 f,75.732,0.3395
Kepler-82 e,5.902206,0.063
Kepler-82 d,2.382961,0.034
Kepler-82 c,51.531855,0.264
Kepler-82 b,26.443794,0.169
Kepler-81 d,20.837846,0.128
Kepler-81 c,12.039901,0.089
Kepler-81 b,5.954893,0.056
kepler-80 g,14.64558,0.14
Kepler-8 b,3.52254,0.0483
Kepler-79 e,81.0659,0.386
Kepler-79 d,52.0902,0.287
Kepler-79 c,27.4029,0.187
Kepler-79 b,13.4845,0.117
Kepler-78 b,0.35500745,0.01
Kepler-77 b,3.5787087,0.04501
Kepler-76 b,1.54492875,0.028
Kepler-75 b,8.884924,0.08
Kepler-74 b,7.340718,0.084
Kepler-730 c,2.85188338,0.03997
Kepler-730 b,6.491682808,0.0694
Kepler-71 b,3.905081,0.047
Kepler-70 c,0.34289,0.0076
Kepler-70 b,0.2401,0.006
Kepler-7 b,4.885525,0.06246
Kepler-69 c,242.4613,0.64
Kepler-69 b,13.722341,0.094
Kepler-68 d,625,1.4
Kepler-68 c,9.604979,0.09059
Kepler-68 b,5.3987533,0.0617
Kepler-67 b,15.7259,0.1171
Kepler-66 b,17.815815,0.1352
Kepler-65 d,8.131231,0.084
Kepler-65 c,5.8599408,0.068
Kepler-65 b,2.1549156,0.035
Kepler-64 (AB) b,138.506,0.634
Kepler-63 b,9.4341505,0.08
Kepler-62 f,267.291,0.718
Kepler-62 e,122.3874,0.427
Kepler-62 d,18.16406,0.12
Kepler-62 c,12.4417,0.0929
Kepler-62 b,5.714932,0.0553
Kepler-61 b,59.87756,0.27
Kepler-60 d,11.9016171,0.10548
Kepler-60 c,8.9193459,0.08701
Kepler-60 b,7.1316185,0.07497
Kepler-6 b,3.234723,0.04567
Kepler-59 c,17.9737,0.148
Kepler-59 b,11.8714,0.112
Kepler-58 d,40.101371,0.236
Kepler-56 d,1002,2
Kepler-56 c,21.40239,0.1652
Kepler-56 b,10.5016,0.1028
Kepler-55 f,10.198545,0.081
Kepler-55 e,4.617534,0.048
Kepler-55 d,2.211099,0.029
Kepler-54 d,20.995694,0.126
Kepler-539 b,125.63243,0.4988
Kepler-538 b,81.73778,0.3548
Kepler-53 d,9.751962,0.091
Kepler-52 d,36.445171,0.182
Kepler-51 d,130.194,0.509
Kepler-51 c,85.3128662,0.384
Kepler-51 b,45.1555023,0.2514
Kepler-5 b,3.54846,0.05064
Kepler-492 b,11.72012266,0.0987
Kepler-49 e,18.596108,0.116
Kepler-49 d,2.576549,0.031
Kepler-47 (AB) d,187.35,0.6992
Kepler-47 (AB) c,303.148,0.989
Kepler-47 (AB) b,49.514,0.2956
Kepler-46 d,6.76671,0.068
Kepler-46 c,57.004,0.2799
Kepler-46 b,33.60134,0.1967
Kepler-457 b,31.8099,0.161
Kepler-454 c,523.9,1.286
Kepler-454 b,10.57375339,0.0954
Kepler-452 b,384.843,1.046
Kepler-45 b,2.455239,0.027
Kepler-448 c,2500,4.2
Kepler-448 b,17.8552333,0.151
Kepler-447 b,7.79430132,0.0769
Kepler-444 A f,9.740486,0.0811
Kepler-444 A e,7.743493,0.0696
Kepler-444 A d,6.189392,0.06
Kepler-444 A c,4.5458841,0.04881
Kepler-444 A b,3.60001053,0.04178
Kepler-443 b,177.6693,0.495
Kepler-442 b,112.3053,0.409
Kepler-441 b,207.2482,0.64
Kepler-440 b,101.11141,0.242
Kepler-44 b,3.24674,0.0455
Kepler-439 b,178.1396,0.563
Kepler-438 b,35.23319,0.166
Kepler-437 b,66.65062,0.288
Kepler-436 b,64.00205,0.339
Kepler-435 b,8.6001536,0.0948
Kepler-434 b,12.877099,0.1143
Kepler-433 b,5.33408384,0.059
Kepler-432 c,411,1.188
Kepler-432 b,52.501134,0.301
Kepler-431 d,11.922,0.1045
Kepler-431 c,8.703,0.0847
Kepler-431 b,6.803,0.0719
Kepler-430 c,110.979,0.4757
Kepler-430 b,35.968,0.2244
Kepler-43 b,3.024095,0.0449
Kepler-428 b,3.52563254,0.0433
Kepler-424 c,223.3,0.73
Kepler-424 b,3.3118644,0.044
Kepler-423 b,2.6843285,0.03585
Kepler-422 b,7.8914483,0.082
Kepler-421 b,704.1984,1.219
Kepler-420 A b,86.647661,0.382
Kepler-42 d,1.856169,0.0154
Kepler-42 c,0.45328509,0.006
Kepler-42 b,1.2137672,0.0116
Kepler-419 c,673.3,1.68
Kepler-419 b,69.7968,0.371
Kepler-413 (AB) b,66.262,0.3553
Kepler-412 b,1.720861232,0.02959
Kepler-411 e,31.509728,0.186
Kepler-411 d,58.02035,0.279
Kepler-411 b,3.00516,0.038
Kepler-410 A b,17.833648,0.1236
Kepler-41 b,1.855558,0.029
Kepler-405 c,29.726682,0.188
Kepler-405 b,10.613839,0.095
Kepler-404 c,14.751166,0.118
Kepler-404 b,11.829851,0.102
Kepler-403 c,54.280749,0.297
Kepler-403 b,7.031462,0.076
Kepler-402 e,11.242861,0.102
Kepler-402 d,8.921099,0.087
Kepler-402 c,6.124821,0.068
Kepler-402 b,4.028751,0.051
Kepler-401 c,47.318218,0.269
Kepler-401 b,14.383035,0.122
Kepler-400 c,17.340824,0.134
Kepler-400 b,9.024389,0.087
Kepler-40 b,6.87349,0.08
Kepler-4 b,3.21346,0.0456
Kepler-399 d,58.034616,0.261
Kepler-399 c,26.67569,0.155
Kepler-399 b,14.425281,0.103
Kepler-398 c,11.419412,0.087
Kepler-398 b,4.081423,0.044
Kepler-397 c,135.498527,0.48
Kepler-397 b,22.250949,0.144
Kepler-396 c,88.505,0.22662
Kepler-396 b,42.994,0.36709
Kepler-395 c,34.989262,0.177
Kepler-395 b,7.054346,0.061
Kepler-394 c,12.130686,0.11
Kepler-394 b,8.005013,0.083
Kepler-393 c,14.613612,0.124
Kepler-393 b,9.182417,0.091
Kepler-392 c,10.423118,0.093
Kepler-392 b,5.341853,0.059
Kepler-391 c,20.501,0.164
Kepler-391 b,7.4175,0.083
Kepler-390 c,13.060022,0.101
Kepler-390 b,6.738088,0.065
Kepler-39 b,21.0874,0.155
Kepler-389 c,14.51143,0.11
Kepler-389 b,3.244107,0.041
Kepler-388 c,13.297004,0.093
Kepler-388 b,3.173315,0.036
Kepler-387 c,11.837549,0.098
Kepler-387 b,6.791636,0.068
Kepler-386 c,25.193458,0.155
Kepler-386 b,12.31043,0.096
Kepler-385 c,15.163161,0.127
Kepler-385 b,10.043686,0.097
Kepler-384 c,45.348269,0.236
Kepler-384 b,22.597053,0.148
Kepler-383 c,31.200751,0.172
Kepler-383 b,12.904532,0.095
Kepler-382 c,12.162701,0.097
Kepler-382 b,5.262155,0.055
Kepler-381 c,13.391635,0.117
Kepler-381 b,5.629021,0.066
Kepler-380 c,7.630004,0.078
Kepler-380 b,3.930821,0.05
Kepler-38 (AB) b,105.595,0.4644
Kepler-379 c,62.784697,0.326
Kepler-379 b,20.09838,0.152
Kepler-378 c,28.906009,0.166
Kepler-378 b,16.092361,0.112
Kepler-377 c,27.014976,0.182
Kepler-377 b,12.509529,0.109
Kepler-376 c,14.172327,0.115
Kepler-376 b,4.920199,0.057
Kepler-375 c,19.986326,0.141
Kepler-375 b,12.125934,0.101
Kepler-374 d,5.028219,0.056
Kepler-374 c,3.282807,0.042
Kepler-374 b,1.897806,0.029
Kepler-373 c,16.725948,0.126
Kepler-373 b,5.535309,0.06
Kepler-372 d,30.092568,0.201
Kepler-372 c,20.053763,0.154
Kepler-372 b,6.849692,0.075
Kepler-371 c,67.968015,0.313
Kepler-371 b,34.763278,0.2
Kepler-370 c,19.02293,0.14
Kepler-370 b,4.57953,0.054
Kepler-37 d,39.792187,0.2076
Kepler-37 c,21.301886,0.1368
Kepler-37 b,13.367308,0.1003
Kepler-369 c,14.871572,0.094
Kepler-369 b,2.732756,0.03
Kepler-368 c,72.379334,0.36
Kepler-368 b,26.84768,0.186
Kepler-367 c,53.578637,0.253
Kepler-367 b,37.815724,0.201
Kepler-366 c,12.51616,0.11
Kepler-366 b,3.281959,0.045
Kepler-365 c,17.784129,0.137
Kepler-365 b,10.664903,0.098
Kepler-364 c,59.980627,0.312
Kepler-364 b,25.745718,0.178
Kepler-363 d,11.932125,0.107
Kepler-363 c,7.542427,0.079
Kepler-363 b,3.614568,0.048
Kepler-362 c,37.866281,0.207
Kepler-362 b,10.327186,0.087
Kepler-361 c,55.188023,0.3
Kepler-361 b,8.486616,0.086
Kepler-360 c,7.186434,0.075
Kepler-360 b,3.289672,0.044
Kepler-36 c,16.23855,0.1283
Kepler-36 b,13.83989,0.1153
Kepler-359 d,77.095691,0.372
Kepler-359 c,57.68802,0.307
Kepler-359 b,25.563222,0.178
Kepler-358 c,83.488369,0.381
Kepler-358 b,34.060467,0.21
Kepler-357 d,49.499875,0.246
Kepler-357 c,16.85837,0.12
Kepler-357 b,6.475434,0.063
Kepler-356 c,13.121632,0.115
Kepler-356 b,4.612696,0.057
Kepler-355 c,25.762294,0.179
Kepler-355 b,11.03189,0.102
Kepler-354 d,24.209842,0.146
Kepler-354 c,16.934402,0.115
Kepler-354 b,5.47666,0.054
Kepler-353 c,8.410894,0.065
Kepler-353 b,5.795278,0.051
Kepler-352 c,16.332995,0.118
Kepler-352 b,10.05537,0.085
Kepler-351 c,57.24809,0.287
Kepler-351 b,37.054919,0.214
Kepler-350 b,11.189562,0.104
Kepler-35 (AB) b,131.458,0.60347
Kepler-349 c,12.247629,0.105
Kepler-349 b,5.929778,0.065
Kepler-348 c,17.265427,0.138
Kepler-348 b,7.05677,0.076
Kepler-347 c,27.320871,0.183
Kepler-347 b,12.79836,0.11
Kepler-346 c,23.851549,0.168
Kepler-346 b,6.511127,0.071
Kepler-345 c,9.387427,0.077
Kepler-345 b,7.415563,0.066
Kepler-344 c,125.596809,0.488
Kepler-344 b,21.963945,0.153
Kepler-343 c,23.22182,0.167
Kepler-343 b,8.96855,0.088
Kepler-342 d,39.459357,0.242
Kepler-342 c,26.234138,0.185
Kepler-342 b,15.170318,0.128
Kepler-341 e,42.473269,0.242
Kepler-341 d,27.666313,0.182
Kepler-341 c,8.01041,0.08
Kepler-341 b,5.195528,0.06
Kepler-340 c,22.824669,0.178
Kepler-340 b,14.844387,0.134
Kepler-34 (AB) b,288.822,1.0896
Kepler-339 d,10.558345,0.091
Kepler-339 c,6.988055,0.069
Kepler-339 b,4.977656,0.055
Kepler-338 d,44.4287,0.257
Kepler-338 c,24.31168,0.172
Kepler-338 b,13.72699,0.117
Kepler-337 c,9.693201,0.093
Kepler-337 b,3.292781,0.045
Kepler-336 d,20.678772,0.154
Kepler-336 c,9.600001,0.092
Kepler-336 b,2.024823,0.033
Kepler-335 c,67.844469,0.356
Kepler-335 b,6.562331,0.075
Kepler-334 d,25.09849,0.168
Kepler-334 c,12.758005,0.107
Kepler-334 b,5.470319,0.061
Kepler-333 A c,24.08821,0.135
Kepler-333 A b,12.551158,0.087
Kepler-332 d,34.21154,0.189
Kepler-332 c,15.995622,0.114
Kepler-332 b,7.626324,0.07
Kepler-331 d,32.134328,0.159
Kepler-331 c,17.28111,0.105
Kepler-331 b,8.457496,0.065
Kepler-330 c,15.955387,0.116
Kepler-330 b,8.25978,0.075
Kepler-33 f,41.02902,0.2535
Kepler-33 e,31.7844,0.2138
Kepler-33 d,21.77596,0.1662
Kepler-33 c,13.17562,0.1189
Kepler-33 b,5.66793,0.0677
Kepler-329 c,18.684737,0.113
Kepler-329 b,7.416397,0.061
Kepler-327 d,13.969457,0.09
Kepler-327 c,5.212333,0.047
Kepler-327 b,2.549575,0.029
Kepler-326 d,6.766888,0.066
Kepler-326 c,4.580358,0.051
Kepler-326 b,2.248329,0.032
Kepler-325 d,38.715185,0.22
Kepler-325 c,12.762172,0.105
Kepler-325 b,4.544439,0.053
Kepler-324 c,51.805612,0.26
Kepler-324 b,4.385315,0.05
Kepler-323 c,3.553822,0.046
Kepler-323 b,1.678327,0.028
Kepler-322 c,4.337234,0.051
Kepler-322 b,1.653888,0.027
Kepler-321 c,13.093921,0.11
Kepler-321 b,4.915379,0.057
Kepler-320 c,17.934937,0.142
Kepler-320 b,8.371554,0.085
Kepler-32 c,8.7522,0.09
Kepler-32 b,5.90124,0.05
Kepler-319 d,31.781925,0.191
Kepler-319 c,6.941357,0.069
Kepler-319 b,4.362705,0.051
Kepler-318 c,11.815007,0.105
Kepler-318 b,4.662715,0.056
Kepler-317 c,8.77501,0.083
Kepler-317 b,5.524242,0.061
Kepler-316 c,6.827766,0.058
Kepler-316 b,2.240508,0.027
Kepler-315 c,265.469335,0.791
Kepler-315 b,96.101141,0.402
Kepler-314 c,5.960392,0.064
Kepler-314 b,2.461069,0.035
Kepler-313 c,32.273273,0.208
Kepler-313 b,14.970418,0.125
Kepler-312 c,19.747412,0.153
Kepler-312 b,1.772419,0.031
Kepler-311 c,19.738286,0.145
Kepler-311 b,9.176092,0.087
Kepler-310 d,92.876125,0.392
Kepler-310 c,56.47542,0.281
Kepler-310 b,13.930698,0.111
Kepler-31 d,87.648901,0.39
Kepler-31 c,42.6318,0.26
Kepler-31 b,20.8613,0.16
Kepler-309 c,105.356383,0.401
Kepler-309 b,5.923653,0.059
Kepler-308 c,15.38231,0.123
Kepler-308 b,9.694928,0.09
Kepler-306 e,44.840975,0.227
Kepler-306 d,17.326644,0.12
Kepler-306 c,7.240193,0.067
Kepler-306 b,4.646186,0.05
Kepler-305 d,16.738661,0.121
Kepler-305 c,8.291,0.07711
Kepler-305 b,5.487,0.05856
Kepler-304 d,9.653471,0.08
Kepler-304 c,5.315946,0.054
Kepler-304 b,3.295709,0.039
Kepler-303 c,7.061149,0.057
Kepler-303 b,1.937055,0.024
Kepler-302 c,127.282184,0.503
Kepler-302 b,30.184104,0.193
Kepler-301 d,13.751243,0.112
Kepler-301 c,5.419026,0.06
Kepler-301 b,2.508553,0.036
Kepler-300 c,40.714955,0.232
Kepler-300 b,10.446347,0.094
Kepler-30 d,143.343,0.5
Kepler-30 c,60.3231,0.3
Kepler-30 b,29.334,0.18
Kepler-299 e,38.285489,0.22
Kepler-299 d,15.054786,0.118
Kepler-299 c,6.885875,0.07
Kepler-299 b,2.927128,0.04
Kepler-298 d,77.473633,0.305
Kepler-298 c,22.92881,0.136
Kepler-298 b,10.475464,0.08
Kepler-297 c,74.920137,0.336
Kepler-297 b,38.871826,0.217
Kepler-296 A f,63.335879,0.263
Kepler-296 A e,34.142347,0.174
Kepler-296 A d,19.850242,0.122
Kepler-296 A c,5.841648,0.054
Kepler-296 A b,3.621457,0.039
Kepler-295 d,33.884054,0.192
Kepler-295 c,21.526258,0.142
Kepler-295 b,12.645164,0.099
Kepler-294 c,6.6264,0.071
Kepler-294 b,3.701212,0.048
Kepler-293 c,54.155743,0.286
Kepler-293 b,19.254196,0.144
Kepler-292 f,20.834237,0.141
Kepler-292 e,11.97901,0.097
Kepler-292 d,7.055679,0.068
Kepler-292 c,3.715335,0.045
Kepler-292 b,2.580827,0.035
Kepler-291 c,5.700786,0.065
Kepler-291 b,3.546511,0.047
Kepler-290 c,36.77031,0.205
Kepler-290 b,14.589347,0.11
Kepler-29 c,13.2907,0.11
Kepler-29 b,10.3376,0.09
Kepler-289 d,125.8518,0.51
Kepler-289 c,66.0634,0.33
Kepler-289 b,34.545,0.21
Kepler-288 d,56.633742,0.287
Kepler-288 c,19.305772,0.14
Kepler-288 b,6.097326,0.065
Kepler-287 c,44.851896,0.246
Kepler-287 b,20.342199,0.145
Kepler-286 e,29.221289,0.176
Kepler-286 d,5.914323,0.061
Kepler-286 c,3.468095,0.042
Kepler-286 b,1.796302,0.027
Kepler-285 c,6.186676,0.064
Kepler-285 b,2.633867,0.036
Kepler-284 c,37.514456,0.213
Kepler-284 b,12.699149,0.104
Kepler-283 c,92.743711,0.341
Kepler-283 b,11.008151,0.082
Kepler-282 c,13.638723,0.106
Kepler-282 b,9.220524,0.082
Kepler-281 c,36.337373,0.215
Kepler-281 b,14.646008,0.117
Kepler-280 c,4.807091,0.056
Kepler-280 b,2.139542,0.032
Kepler-28 c,8.9858,0.081
Kepler-28 b,5.9123,0.062
Kepler-279 d,54.414,0.30728
Kepler-279 c,35.736,0.232
Kepler-279 b,12.309681,0.112
Kepler-278 c,51.111,0.287
Kepler-278 b,30.1556,0.202
Kepler-276 b,14.12841,0.119
Kepler-275 d,35.676062,0.224
Kepler-275 c,16.088134,0.132
Kepler-275 b,10.300682,0.098
Kepler-274 c,33.197861,0.204
Kepler-274 b,11.634788,0.101
Kepler-273 c,8.014927,0.073
Kepler-273 b,2.936532,0.037
Kepler-272 d,10.937304,0.091
Kepler-272 c,6.057342,0.061
Kepler-272 b,2.971353,0.038
Kepler-271 c,7.410935,0.071
Kepler-271 b,5.217738,0.056
Kepler-270 c,25.262887,0.18
Kepler-270 b,11.476094,0.107
Kepler-27 c,31.3309,0.191
Kepler-27 b,15.3348,0.118
Kepler-269 c,8.127899,0.081
Kepler-269 b,5.326718,0.061
Kepler-268 c,83.446393,0.391
Kepler-268 b,25.934138,0.18
Kepler-267 d,28.464515,0.154
Kepler-267 c,6.87745,0.06
Kepler-267 b,3.353728,0.037
Kepler-266 c,107.723601,0.457
Kepler-266 b,6.61833,0.071
Kepler-265 e,67.831024,0.319
Kepler-265 d,43.130617,0.236
Kepler-265 c,17.028937,0.127
Kepler-265 b,6.846262,0.069
Kepler-264 c,140.101261,0.566
Kepler-264 b,40.806231,0.249
Kepler-263 c,47.332773,0.242
Kepler-263 b,16.568087,0.12
Kepler-262 c,21.853722,0.152
Kepler-262 b,13.060855,0.108
Kepler-261 c,24.570858,0.156
Kepler-261 b,10.381227,0.088
Kepler-260 c,76.050178,0.332
Kepler-260 b,8.187399,0.075
Kepler-26 e,46.827915,0.22
Kepler-26 c,17.2513,0.107
Kepler-26 b,12.2796,0.085
Kepler-259 c,36.924931,0.217
Kepler-259 b,8.115317,0.079
Kepler-258 c,33.653079,0.193
Kepler-258 b,13.19722,0.103
Kepler-257 d,24.664551,0.16
Kepler-257 c,6.581484,0.066
Kepler-257 b,2.382667,0.034
Kepler-256 e,10.681572,0.096
Kepler-256 d,5.839172,0.064
Kepler-256 c,3.38802,0.045
Kepler-256 b,1.620493,0.027
Kepler-255 c,9.946047,0.092
Kepler-255 b,5.714606,0.063
Kepler-254 d,18.746477,0.139
Kepler-254 c,12.412183,0.105
Kepler-254 b,5.826662,0.064
Kepler-253 d,18.119869,0.13
Kepler-253 c,10.281951,0.089
Kepler-253 b,3.783986,0.046
Kepler-252 c,10.848463,0.08
Kepler-252 b,6.668391,0.058
Kepler-251 e,99.640161,0.404
Kepler-251 d,30.133001,0.182
Kepler-251 c,16.514043,0.122
Kepler-251 b,4.790936,0.053
Kepler-250 d,17.648312,0.127
Kepler-250 c,7.156804,0.069
Kepler-250 b,4.148141,0.048
Kepler-25 c,12.7203678,0.11
Kepler-25 b,6.2385369,0.068
Kepler-249 d,15.368459,0.097
Kepler-249 c,7.113702,0.058
Kepler-249 b,3.306539,0.035
Kepler-248 c,16.239494,0.123
Kepler-248 b,6.308205,0.066
Kepler-247 d,20.477912,0.14
Kepler-247 c,9.439452,0.084
Kepler-247 b,3.33616,0.042
Kepler-246 c,11.187161,0.095
Kepler-246 b,4.60182,0.052
Kepler-245 d,36.277108,0.202
Kepler-245 c,17.460812,0.124
Kepler-245 b,7.49019,0.071
Kepler-244 d,20.050401,0.14
Kepler-244 c,9.767292,0.087
Kepler-244 b,4.311792,0.05
Kepler-243 c,20.026218,0.142
Kepler-243 b,5.715442,0.062
Kepler-242 c,14.496481,0.109
Kepler-242 b,8.20395,0.075
Kepler-241 c,36.065978,0.189
Kepler-241 b,12.718092,0.094
Kepler-240 c,7.953528,0.074
Kepler-240 b,4.144495,0.048
Kepler-24 c,12.3335,0.106
Kepler-24 b,8.1453,0.08
Kepler-239 c,56.228098,0.268
Kepler-239 b,11.763051,0.095
Kepler-238 d,13.233549,0.115
Kepler-238 c,6.155557,0.069
Kepler-238 b,2.090876,0.034
Kepler-237 c,8.103636,0.071
Kepler-237 b,4.715106,0.05
Kepler-236 c,23.968127,0.132
Kepler-236 b,8.295611,0.065
Kepler-235 e,46.183669,0.213
Kepler-235 d,20.060548,0.122
Kepler-235 c,7.824904,0.065
Kepler-235 b,3.340222,0.037
Kepler-234 c,7.21205,0.077
Kepler-234 b,2.711506,0.04
Kepler-233 c,60.418955,0.287
Kepler-233 b,8.472382,0.077
Kepler-232 c,11.379349,0.101
Kepler-232 b,4.431222,0.054
Kepler-231 c,19.271566,0.114
Kepler-231 b,10.065275,0.074
Kepler-230 c,91.773242,0.38
Kepler-230 b,32.625555,0.191
Kepler-23 d,15.27429,0.124
Kepler-23 c,10.742434,0.099
Kepler-23 b,7.106995,0.075
Kepler-229 d,41.194912,0.22
Kepler-229 c,16.068638,0.117
Kepler-229 b,6.252972,0.062
Kepler-228 d,11.094286,0.101
Kepler-228 c,4.134444,0.052
Kepler-228 b,2.566546,0.038
Kepler-227 c,54.418694,0.29
Kepler-227 b,9.488015,0.09
Kepler-226 d,8.109044,0.076
Kepler-226 c,5.349555,0.058
Kepler-226 b,3.940997,0.047
Kepler-225 c,18.794234,0.111
Kepler-225 b,6.738975,0.056
Kepler-224 e,18.643577,0.124
Kepler-224 d,11.349393,0.089
Kepler-224 c,5.925003,0.058
Kepler-224 b,3.132924,0.038
Kepler-223 e,19.721734,0.14
Kepler-223 d,14.788759,0.116
Kepler-223 c,9.848183,0.088
Kepler-223 b,7.384108,0.073
Kepler-222 d,28.081912,0.18
Kepler-222 c,10.08881,0.091
Kepler-222 b,3.936981,0.048
Kepler-221 e,18.369917,0.13
Kepler-221 d,10.04156,0.087
Kepler-221 c,5.690586,0.059
Kepler-221 b,2.795906,0.037
Kepler-220 e,45.902733,0.226
Kepler-220 d,28.122397,0.163
Kepler-220 c,9.034199,0.076
Kepler-220 b,4.159807,0.046
Kepler-22 b,289.8623,0.849
Kepler-219 d,47.903645,0.272
Kepler-219 c,22.714613,0.165
Kepler-219 b,4.585512,0.057
Kepler-218 c,44.699576,0.248
Kepler-218 b,3.619337,0.046
Kepler-217 c,8.586004,0.089
Kepler-217 b,5.374943,0.065
Kepler-216 c,17.406669,0.136
Kepler-216 b,7.693641,0.079
Kepler-215 e,68.16101,0.314
Kepler-215 d,30.864423,0.185
Kepler-215 c,14.667108,0.113
Kepler-215 b,9.360672,0.084
Kepler-214 c,28.7798,0.194
Kepler-214 b,15.660544,0.13
Kepler-213 c,4.822962,0.057
Kepler-213 b,2.46236,0.036
Kepler-212 c,31.805174,0.207
Kepler-212 b,16.257582,0.133
Kepler-211 c,6.04045,0.062
Kepler-211 b,4.138575,0.048
Kepler-210 c,7.9725,0.037
Kepler-210 b,2.4532,0.01421
Kepler-21 A b,2.78578,0.0427172
Kepler-209 c,41.749882,0.231
Kepler-209 b,16.087845,0.122
Kepler-208 e,16.259458,0.132
Kepler-208 d,11.131786,0.103
Kepler-208 c,7.466623,0.079
Kepler-208 b,4.22864,0.054
Kepler-207 d,5.868075,0.068
Kepler-207 c,3.071571,0.044
Kepler-207 b,1.611865,0.029
Kepler-206 d,23.44281,0.163
Kepler-206 c,13.137471,0.111
Kepler-206 b,7.781987,0.078
Kepler-205 c,20.306546,0.122
Kepler-205 b,2.75564,0.032
Kepler-204 c,25.660593,0.173
Kepler-204 b,14.400974,0.117
Kepler-203 d,11.32972,0.1
Kepler-203 c,5.370647,0.061
Kepler-203 b,3.162697,0.043
Kepler-202 c,16.282493,0.113
Kepler-202 b,4.069427,0.045
Kepler-201 c,151.884058,0.573
Kepler-201 b,25.672083,0.175
Kepler-200 c,10.222157,0.09
Kepler-200 b,8.594805,0.08
Kepler-20 g,34.94,0.2055
Kepler-20 f,19.57758478,0.1396
Kepler-20 e,6.09852281,0.0639
Kepler-20 d,77.61130017,0.3506
Kepler-20 c,10.85409089,0.0949
Kepler-20 b,3.69611525,0.0463
Kepler-199 c,67.093408,0.316
Kepler-199 b,23.637604,0.158
Kepler-198 c,49.567416,0.259
Kepler-198 b,17.790037,0.131
Kepler-197 e,25.2097,0.164
Kepler-197 d,15.67787,0.119
Kepler-197 c,10.349711,0.09
Kepler-197 b,5.599293,0.06
Kepler-196 c,47.427737,0.24
Kepler-196 b,20.739886,0.138
Kepler-195 c,34.096863,0.197
Kepler-195 b,8.307872,0.077
Kepler-194 d,52.814973,0.275
Kepler-194 c,17.308032,0.131
Kepler-194 b,2.092281,0.032
Kepler-193 c,50.697494,0.286
Kepler-193 b,11.38848,0.106
Kepler-192 c,21.2234,0.15
Kepler-192 b,9.926746,0.09
Kepler-191 c,17.738506,0.128
Kepler-191 b,9.939632,0.087
Kepler-190 c,3.763024,0.045
Kepler-190 b,2.019999,0.03
Kepler-19 b,9.2869944,0.085
Kepler-189 c,20.134866,0.137
Kepler-189 b,10.399931,0.088
Kepler-188 c,5.996553,0.066
Kepler-188 b,2.061897,0.032
Kepler-187 c,10.640263,0.099
Kepler-187 b,4.938864,0.059
Kepler-186 f,129.9459,0.356
Kepler-186 e,22.407793,0.129
Kepler-186 d,13.343058,0.091
Kepler-186 c,7.267277,0.061
Kepler-186 b,3.886803,0.04
Kepler-185 c,20.729042,0.139
Kepler-185 b,1.6329,0.026
Kepler-184 d,29.022358,0.179
Kepler-184 c,20.303005,0.141
Kepler-184 b,10.687576,0.092
Kepler-183 c,11.637071,0.103
Kepler-183 b,5.687945,0.064
Kepler-182 c,20.684342,0.157
Kepler-182 b,9.825792,0.096
Kepler-181 c,4.302149,0.049
Kepler-181 b,3.137873,0.04
Kepler-180 c,41.885775,0.229
Kepler-180 b,13.817124,0.109
Kepler-18 d,14.85888,0.1172
Kepler-18 c,7.64159,0.0752
Kepler-18 b,3.504725,0.0447
Kepler-179 c,6.40013,0.064
Kepler-179 b,2.735926,0.036
Kepler-178 d,96.678988,0.397
Kepler-178 c,20.552802,0.142
Kepler-178 b,9.576694,0.085
Kepler-176 d,25.751974,0.163
Kepler-176 c,12.759712,0.102
Kepler-176 b,5.433074,0.058
Kepler-175 c,34.035257,0.213
Kepler-175 b,11.903515,0.105
Kepler-174 d,247.35373,0.677
Kepler-174 c,44.000529,0.214
Kepler-174 b,13.98179,0.1
Kepler-173 c,8.005777,0.074
Kepler-173 b,4.263742,0.048
Kepler-172 e,35.118736,0.211
Kepler-172 d,14.627119,0.118
Kepler-172 c,6.388996,0.068
Kepler-172 b,2.940309,0.04
Kepler-171 d,39.595519,0.223
Kepler-171 c,11.463462,0.098
Kepler-171 b,4.166972,0.05
Kepler-170 c,16.665863,0.131
Kepler-170 b,7.930592,0.08
Kepler-17 b,1.4857108,0.02591
Kepler-169 f,87.090195,0.359
Kepler-169 e,13.767102,0.105
Kepler-169 d,8.348125,0.075
Kepler-169 c,6.195469,0.062
Kepler-169 b,3.250619,0.04
Kepler-168 c,13.193242,0.116
Kepler-168 b,4.425391,0.056
Kepler-167 e,1071.23308,1.89
Kepler-167 d,21.803855,0.1405
Kepler-167 c,7.406097,0.068
Kepler-167 b,4.393147,0.048
Kepler-166 c,34.260281,0.195
Kepler-166 b,7.650254,0.072
Kepler-1659 c,13.6163456,0.112293
Kepler-1659 b,20.4415,0.14728
Kepler-1658 b,3.8494,0.0546
Kepler-1657 b,141.241671,0.534
Kepler-1656 b,31.578659,0.197
Kepler-1655 b,11.8728787,0.103
Kepler-1654 b,1047.8356,2.026
Kepler-1653 b,140.2524,0.4706
Kepler-1652 b,38.09722,0.1654
Kepler-1651 A b,9.87863917,0.0619
Kepler-1650 b,1.538181528,0.0163
Kepler-165 c,15.31299,0.11
Kepler-165 b,8.180848,0.072
Kepler-1649 b,8.68909,0.0514
Kepler-1647 (AB) b,1107.5923,2.7205
Kepler-164 d,28.986769,0.187
Kepler-164 c,10.945723,0.097
Kepler-164 b,5.03503,0.058
Kepler-163 c,21.347262,0.152
Kepler-163 b,7.810937,0.078
Kepler-162 c,19.446355,0.137
Kepler-162 b,6.919798,0.069
Kepler-161 c,7.06424,0.068
Kepler-161 b,4.921355,0.054
Kepler-160 c,13.699087,0.109
Kepler-160 b,4.309427,0.05
Kepler-16 (AB) b,228.776,0.7048
Kepler-159 c,43.595792,0.218
Kepler-159 b,10.139623,0.082
Kepler-158 c,28.551383,0.158
Kepler-158 b,16.709184,0.111
Kepler-157 c,13.5405,0.11
Kepler-157 b,1.732342,0.028
Kepler-156 c,15.906801,0.117
Kepler-156 b,4.973456,0.054
Kepler-155 c,52.661793,0.242
Kepler-155 b,5.931194,0.056
Kepler-154 c,62.303276,0.303
Kepler-154 b,33.040532,0.198
Kepler-153 c,46.90232,0.237
Kepler-153 b,18.870227,0.129
Kepler-1520 b,0.653553,0.013
Kepler-152 c,88.255055,0.356
Kepler-152 b,18.207973,0.124
Kepler-151 c,24.674612,0.16
Kepler-151 b,15.228958,0.116
Kepler-150 f,637.2093,1.24
Kepler-150 e,30.826557,0.189
Kepler-150 d,12.56093,0.104
Kepler-150 c,7.381998,0.073
Kepler-150 b,3.428054,0.044
Kepler-15 b,4.942782,0.05714
Kepler-149 d,160.018032,0.571
Kepler-149 c,55.328328,0.281
Kepler-149 b,29.198943,0.184
Kepler-148 c,4.180043,0.05
Kepler-148 b,1.729366,0.028
Kepler-147 c,33.416423,0.216
Kepler-147 b,12.610584,0.113
Kepler-146 c,4.00498,0.0327
Kepler-146 b,2.6446,0.0248
Kepler-144 c,10.104665,0.094
Kepler-144 b,5.885273,0.066
Kepler-143 c,27.082511,0.181
Kepler-143 b,16.007583,0.127
Kepler-142 d,41.809118,0.242
Kepler-142 c,4.761702,0.057
Kepler-142 b,2.024152,0.032
Kepler-141 c,7.010606,0.067
Kepler-141 b,3.107675,0.039
Kepler-140 c,91.353282,0.414
Kepler-140 b,3.25427,0.045
Kepler-139 c,157.072878,0.586
Kepler-139 b,15.771044,0.127
Kepler-138 b,10.31320643,0.0746
Kepler-137 c,18.735753,0.13
Kepler-137 b,8.436387,0.077
Kepler-136 c,16.399235,0.133
Kepler-136 b,11.5789,0.106
Kepler-135 c,11.448708,0.103
Kepler-135 b,6.00253,0.067
Kepler-134 c,10.105785,0.092
Kepler-134 b,5.317429,0.06
Kepler-133 c,31.517586,0.204
Kepler-133 b,8.129976,0.083
Kepler-132 A d,18.010199,0.136
Kepler-132 A c,6.414914,0.068
Kepler-132 A b,6.178196,0.067
Kepler-130 d,87.5211,0.377
Kepler-130 c,27.508686,0.178
Kepler-130 b,8.4572,0.079
Kepler-129 c,82.20017,0.393
Kepler-129 b,15.791619,0.131
Kepler-127 d,48.62997,0.28
Kepler-127 c,29.39344,0.2
Kepler-127 b,14.43577,0.125
Kepler-126 d,100.28208,0.448
Kepler-126 c,21.86964,0.162
Kepler-126 b,10.495634,0.099
Kepler-125 c,5.774464,0.051
Kepler-125 b,4.164389,0.041
Kepler-124 d,30.950851,0.17
Kepler-124 c,13.821375,0.1
Kepler-124 b,3.410493,0.039
Kepler-123 c,26.695074,0.181
Kepler-123 b,17.232366,0.135
Kepler-122 e,37.993273,0.227
Kepler-122 d,21.587475,0.155
Kepler-122 c,12.465988,0.108
Kepler-122 b,5.766193,0.064
Kepler-121 c,41.008011,0.216
Kepler-121 b,3.177422,0.039
Kepler-120 c,12.794585,0.088
Kepler-120 b,6.312501,0.055
Kepler-12 b,4.4379637,0.0556
Kepler-119 c,4.125103,0.049
Kepler-119 b,2.422082,0.035
Kepler-118 c,20.17202,0.141
Kepler-118 b,7.518496,0.073
Kepler-117 c,50.790412,0.287
Kepler-117 b,18.795952,0.148
Kepler-116 c,13.07163,0.116
Kepler-116 b,5.968734,0.069
Kepler-115 c,8.990889,0.087
Kepler-115 b,2.403679,0.036
Kepler-114 d,11.776,0.09
Kepler-114 c,8.041,0.07
Kepler-114 b,5.188548,0.052
Kepler-112 c,28.574263,0.172
Kepler-112 b,8.408878,0.076
Kepler-111 c,224.784608,0.761
Kepler-111 b,3.341815,0.046
Kepler-110 c,31.719775,0.198
Kepler-110 b,12.691112,0.107
Kepler-11 g,118.37774,0.462
Kepler-11 f,46.68876,0.25
Kepler-11 e,31.9959,0.194
Kepler-11 d,22.68719,0.159
Kepler-11 c,13.02502,0.106
Kepler-11 b,10.30375,0.091
Kepler-108 A c,190.323494,0.721
Kepler-108 A b,49.18354,0.292
Kepler-107 e,14.749143,0.12639
Kepler-107 d,7.95825,0.08377
Kepler-107 c,4.901452,0.0604
Kepler-107 b,3.1800218,0.04544
Kepler-105 c,7.1262,0.072
Kepler-105 b,5.412,0.0609
Kepler-104 d,51.755394,0.257
Kepler-104 c,23.668205,0.153
Kepler-104 b,11.427548,0.094
Kepler-103 c,179.60978,0.6679
Kepler-103 b,15.9653287,0.133
Kepler-102 f,27.4536,0.165
Kepler-102 e,16.14569,0.117
Kepler-102 c,7.07142,0.067
Kepler-102 b,5.28696,0.055
Kepler-101 c,6.029809,0.068
Kepler-101 b,3.487691,0.048
Kepler-10 c,45.294301,0.241
Kepler-10 b,0.83749026,0.01685
KELT-8 b,3.24406,0.04571
KELT-7 b,2.7347749,0.04415
KELT-6 c,1276,2.39
KELT-6 b,7.845582,0.08
KELT-4 A b,2.9895933,0.04321
KELT-3 b,2.7033902,0.04117
KELT-25 b,4.401131,0.0681
KELT-23A b,2.255251,0.03302
KELT-22A b,1.38665318,0.0248
KELT-21 b,3.6127647,0.05224
KELT-2 A b,4.1137914,0.05498
KELT-18 b,2.8717518,0.0455
KELT-17 b,3.0801716,0.04881
KELT-16 b,0.9689951,0.02044
KELT-15 b,3.329441,0.04613
KELT-12 b,5.0316144,0.0617
KELT-11 b,4.736529,0.06229
KELT-10 b,4.166285,0.0525
KELT-1 b,1.217514,0.02472
kappa CrB b,1251,2.6
kappa And b,215000,100
K2-99 b,18.249,0.159
K2-95 b,10.134588,0.0653
K2-90 b,13.733314,0.096
K2-9 b,18.44883,0.0848
K2-87 b,9.726618,0.094
K2-8 b,10.35239,0.0856
K2-7 b,28.67992,0.1814
K2-66 b,5.06963,0.05983
K2-60 b,3.00265,0.045
K2-6 b,30.94191,0.1898
K2-55 b,2.849275,0.0347
K2-53 b,12.20772,0.098
K2-52 b,3.5355055,0.054
K2-5 c,10.93406,0.0783
K2-5 b,5.73491,0.0509
K2-43 c,2.198884,0.0148
K2-43 b,3.471149,0.0201
K2-4 b,10.00329,0.0777
K2-39 b,4.60543,0.062
K2-38 b,4.01593,0.0506
K2-36 c,5.34088,0.054
K2-36 b,1.422614,0.0223
K2-35 c,5.60906,0.0539
K2-35 b,2.39991,0.0306
K2-34 b,2.995607,0.04419
K2-33 b,5.42513,0.0409
K2-32 e,4.34882,0.04951
K2-32 d,31.7142,0.1862
K2-32 c,20.66186,0.1399
K2-32 b,8.99213,0.08035
K2-31 b,1.25785,0.022
K2-30 b,4.098507,0.04986
K2-3 c,24.646582,0.1405
K2-3 b,10.054626,0.0775
K2-294 b,2.50387,0.036
K2-293 b,13.1225,0.1
K2-292 b,16.9841,0.13
K2-291 b,2.225172,0.03261
K2-290 c,48.36685,0.305
K2-290 b,9.21165,0.0923
K2-29 b,3.2588321,0.04217
K2-289 b,13.156969,0.107
K2-288B b,31.393463,0.164
K2-287 b,14.893291,0.1206
K2-285 e,14.76289,0.18041
K2-285 d,10.45582,0.1178
K2-285 c,7.138048,0.0824
K2-285 b,3.471745,0.03817
K2-28 b,2.260455,0.0214
K2-27 b,6.77145,0.06702
K2-265 b,2.369172,0.03376
K2-264 c,19.66365,0.11283
K2-264 b,5.83977,0.05023
K2-263 b,50.818947,0.2573
K2-261 b,11.63344,0.102
K2-260 b,2.6266657,0.0407
K2-24 c,42.36342,0.247
K2-24 b,20.8851,0.154
K2-238 b,3.20466,0.046
K2-237 b,2.18056,0.037
K2-229 d,31,0.182
K2-229 c,8.32834,0.07577
K2-229 b,0.584249,0.012888
K2-22 A b,0.381071,0.0088
K2-216 b,2.17479,0.028
K2-198 d,7.4500177,0.05234
K2-198 c,3.3596055,0.03077
K2-198 b,17.0428683,0.09083
K2-19 c,11.8993,0.1032
K2-19 b,7.9222,0.077
K2-180 b,8.8665,0.075
K2-18 b,32.939623,0.1429
K2-174 b,19.562307,0.126
K2-17 b,17.96753,0.119
K2-168 c,8.050722,0.06231
K2-168 b,15.8523,0.0979
K2-16 c,19.07863,0.122
K2-16 b,7.6188,0.0662
K2-15 b,11.8104,0.091
K2-146 c,4.00498,0.034
K2-146 b,2.644616622,0.027
K2-140 b,6.569188,0.068
K2-14 b,8.36802,0.0627
K2-139 b,28.38229,0.1811
K2-138 g,41.96797,0.231
K2-138 f,12.75758,0.10447
K2-138 e,8.26146,0.0782
K2-138 d,5.40479,0.05893
K2-138 c,3.56004,0.04461
K2-138 b,2.35309,0.03385
K2-137 b,0.179715,0.0058
K2-13 b,39.91488,0.2114
K2-124 b,6.413651,0.049
K2-12 b,8.28212,0.0802
K2-110 b,13.86375,0.1021
K2-11 b,39.93767,0.2257
K2-108 b,4.73401,0.0573
K2-107 b,3.31392,0.048
K2-106 c,13.3397,0.105
K2-106 b,0.571292,0.0116
K0I-1783 c,284.060953,0.8539
K0I-1783 b,134.4786723,0.5187
IC 4651 9122 b,734,2.038
HW Vir (AB) c,20000,12.8
HW Vir (AB) b,4640,4.69
HU Aqr (AB) c,5646,6.18
HU Aqr (AB) b,3278,4.29
HS 0702 b,636,1.148
HR 8799 e,18000,16.4
HR 8799 d,41054,27
HR 8799 c,82145,42.9
HR 8799 b,164250,68
HR 858 d,11.23,0.1027
HR 858 c,5.97293,0.074
HR 858 b,3.58599,0.048
HR 810 b,320.1,0.925
HR 5183 b,27400,18
HIP 97233 b,1058.8,2.55
HIP 91258 b,5.0505,0.057
HIP 8541 b,1560,2.8
HIP 79431 b,111.7,0.36
HIP 75458 b,510.72,1.275
HIP 74890 b,822.3,2.1
HIP 71135 b,87.19,0.335
HIP 70849 b,10000,10
HIP 68468 c,194,0.665
HIP 68468 b,1.8372,0.029743
HIP 67851 c,2131.8,3.82
HIP 67851 b,88.9,0.46
HIP 67537 b,2592.5,4.96
HIP 65A b,0.9809734,0.01782
HIP 65891 b,1084.5,2.81
HIP 65407 c,67.3,0.316
HIP 65407 b,28.125,0.177
HIP 63242 b,124.6,0.565
HIP 57274 d,431.7,1.01
HIP 57274 c,32.03,0.178
HIP 57274 b,8.1352,0.07
HIP 57050 c,532.635,0.91
HIP 57050 b,41.38,0.166
HIP 54373 c,15.144,0.099
HIP 54373 b,7.76,0.063
HIP 5158 c,9018,7.7
HIP 5158 b,345.63,0.89
HIP 41378 g,62.06,0.3227
HIP 36985 b,8500,7
HIP 35173 b,41.516,0.217
HIP 14810 d,962,1.89
HIP 14810 c,147.73,0.545
HIP 14810 b,6.673855,0.0692
HIP 13044 b,16.2,0.116
HIP 12961 b,57.435,0.13
HIP 11952 c,6.95,0.07
HIP 11952 b,290,0.81
HIP 11915,3830,4.8
HIP 116454 b,9.1265,0.098
HIP 109600 b,232.08,0.706
HIP 109384 b,499.48,1.134
HIP 107773 b,144.3,0.72
HIP 105854 b,184.2,0.655
HD108236 e,19.5917,0.14
HD108236 d,14.17555,0.1131
HD108236 c,6.2037,0.651
HD108236 b,3.79523,0.0469
HD 99706 b,868,2.14
HD 99492 c,4970,5.4
HD 99492 b,17.054,0.123
HD 99109 b,439.3,1.105
HD 98736 b,968.8,1.864
HD 98649 b,6023,6.57
HD 98219 b,436.9,1.23
HD 97658 b,9.489295,0.08
HD 97619 b,665.9,1.6
HD 96700 c,103.49,0.422
HD 96700 b,8.1256,0.0774
HD 96167 b,498.9,1.3
HD 96127 b,647.3,1.4
HD 96063 b,361.1,0.99
HD 95872 b,4375,5.2
HD 95338 b,55.086,0.231
HD 95127 b,482,1.28
HD 95089 b,507,1.51
HD 94834 b,1576,2.74
HD 9446 c,189.6,0.646
HD 9446 b,30.0608,0.1892
HD 93385 A c,46.025,0.257
HD 93385 A b,13.186,0.1116
HD 93083 b,143.58,0.477
HD 92987 b,10790,9.75
HD 92788 c,11611.3,10.5
HD 92788 b,325.8,0.97
HD 9174 b,1179,2.2
HD 90156 b,49.77,0.25
HD 89839 b,6600,6.8
HD 89744 c,6974,8.3
HD 89744 b,256.78,0.917
HD 89345 b,11.81399,0.105
HD 89307 b,2199,3.34
HD 88133 b,3.41566,0.047
HD 87883 b,2754,3.6
HD 87646 A c,674,1.58
HD 87646 A b,13.481,0.117
HD 86950 b,1270,2.72
HD 8673 A b,1634,3.02
HD 86264 b,1475,2.86
HD 86226 b,1534,2.6
HD 86081 A b,1.99809,0.039
HD 8574 b,227.55,0.77
HD 85628 A b,2.82406,0.047
HD 85512 b,58.43,0.26
HD 85390 b,799.52,1.373
HD 8535 b,1313,2.45
HD 83443 b,2.98572,0.0406
HD 8326 b,159,0.533
HD 82943 d,1078,2.145
HD 82943 c,219.3,0.746
HD 82943 b,442.4,1.19
HD 82886 b,705,1.65
HD 81688 b,184.02,0.66
HD 81040 b,1001.7,1.94
HD 80653 b,0.719573,0.0166
HD 80606 b,111.43637,0.449
HD 79498 b,1966,3.13
HD 7924 d,24.451,0.1551
HD 7924 c,15.299,0.1134
HD 7924 b,5.39792,0.05664
HD 79211 b,24.45,0.141
HD 77338 b,5.7561,0.0614
HD 77065 b,119.1135,0.438
HD 76920 b,415.4,1.149
HD 76700 b,3.97101,0.049
HD 75898 b,418.2,1.19
HD 75784 c,5040,6.5
HD 75784 b,341.7,1.073
HD 75289 b,3.50928,0.046
HD 7449 A c,15441,12.7
HD 7449 A b,1255.5,2.38
HD 74156 d,336.6,1.01
HD 74156 c,2448.9,3.82
HD 74156 b,51.6385,0.2916
HD 73534 b,1800,3.15
HD 73526 c,379.1,1.03
HD 73526 b,188.9,0.65
HD 73267 b,1260,2.198
HD 72892 b,39.475,0.228
HD 72659 b,3658,4.74
HD 72490 b,858,1.88
HD 7199 b,615,1.36
HD 70642 b,2231,3.3
HD 70573 b,851.8,1.76
HD 69830 d,200.57,0.63
HD 69830 c,31.601,0.186
HD 69830 b,8.6682,0.0785
HD 68988 c,12700,6
HD 68988 b,6.2771,0.0704
HD 68402 b,1103,2.18
HD 6718 b,2496,3.56
HD 67087 c,2374,3.86
HD 67087 b,352.2,1.08
HD 66428 b,1973,3.18
HD 66141 b,480.5,1.2
HD 65216 A c,5370,5.75
HD 65216 A b,577.6,1.301
HD 6434 b,21.998,0.14
HD 64114 b,45.791,0.246
HD 63765 b,358,0.949
HD 63454 b,2.81747,0.036
HD 62509 b,589.64,1.69
HD 60532 c,607.06,1.58
HD 60532 b,201.83,0.77
HD 59686 A b,299.36,1.086
HD 5891 b,177.11,0.76
HD 564 b,492.3,1.2
HD 5608 b,779.9,1.911
HD 5583 b,139.35,0.53
HD 55696 b,1827,3.18
HD 5388 b,777,1.76
HD 5319 c,886,2.071
HD 5319 b,675,1.75
HD 52265 b,119.27,0.52
HD 51608 c,95.87,0.38833
HD 51608 b,14.071,0.10805
HD 50554 b,1293,2.41
HD 50499 c,8620,9.02
HD 50499 b,2483.7,3.93
HD 49674 b,4.94739,0.058
HD 48265 b,700,1.51
HD 47536 b,430,1.61
HD 4747 b,13835.67,16.4
HD 47366 c,684.7,1.853
HD 47366 b,363.3,1.214
HD 4732 A c,2732,4.6
HD 4732 A b,360.2,1.19
HD 47186 c,1353.6,2.395
HD 47186 b,4.0845,0.05
HD 46375 A b,3.02358,0.041
HD 45652 b,43.6,0.23
HD 45364 c,342.85,0.8972
HD 45364 b,226.93,0.6813
HD 45350 b,890.76,1.92
HD 45184 b,5.8872,0.0638
HD 44385 b,473.5,1.4
HD 44219 b,472.3,1.19
HD 43848 b,2371,3.4
HD 43691 A b,36.99913,0.238
HD 43197 b,327.8,0.92
HD 4313 b,356,1.19
HD 4308 b,15.609,0.118
HD 42936 b,6.6732,0.0662
HD 42618 b,149.61,0.554
HD 4208 b,828,1.65
HD 4203 b,437.05,1.164
HD 42012 b,857.5,1.67
HD 4113 A b,526.62,1.28
HD 41004 B b,1.32363,0.0177
HD 41004 A b,963,1.64
HD 40979 b,264.1,0.846
HD 40956 b,578.6,1.4
HD 40307 g,197.8,0.6
HD 40307 f,51.68,0.2485
HD 40307 e,34.62,0.1886
HD 40307 d,20.412,0.134
HD 40307 c,9.621,0.0812
HD 40307 b,4.3114,0.0475
HD 39855 b,3.2498,0.041
HD 39392 b,394.3,1.08
HD 39194 d,33.941,0.172
HD 39194 c,14.025,0.0954
HD 39194 b,5.6363,0.0519
HD 38858 b,407.15,1.0376
HD 38801 b,686.8,1.66
HD 38677 e,5.516,0.0651
HD 38677 d,2.882,0.0422
HD 38677 c,6.584,0.0733
HD 38677 b,18.57,0.1462
HD 38529 d,193.9,0.74
HD 38529 c,2134.76,3.695
HD 38529 b,14.3104,0.131
HD 38283 b,363.2,1.02
HD 37605 c,2720,3.814
HD 37605 b,55.01307,0.2837
HD 37124 d,1862,2.807
HD 37124 c,885.5,1.71
HD 37124 b,154.378,0.53364
HD 3651 b,62.25,0.295
HD 35759 b,82.467,0.389
HD 34445 g,5700,6.36
HD 34445 f,676.8,1.543
HD 34445 e,49.175,0.2687
HD 34445 d,117.87,0.4817
HD 34445 c,214.67,0.7181
HD 34445 b,1056.7,2.075
HD 33844 c,916,2.24
HD 33844 b,551.4,1.6
HD 33564 b,388,1.1
HD 33473 A b,2798,4.17
HD 33283 b,18.1801,0.168
HD 332231 b,18.71204,0.1436
HD 33142 c,809,1.96
HD 33142 b,326,1.07
HD 330075 b,3.6413,0.039
HD 32963 b,2372,3.41
HD 32518 b,157.54,0.59
HD 3167 d,8.492,0.07757
HD 3167 c,29.8454,0.1795
HD 3167 b,0.959641,0.01815
HD 31527 d,274.2,0.8181
HD 31527 c,51.2,0.2665
HD 31527 b,16.557,0.1253
HD 31253 b,466,1.26
HD 30856 A b,912,2
HD 30669 b,1684,2.69
HD 30562 b,1157,2.3
HD 30177 c,6921,6.99
HD 30177 b,2532.5,3.58
HD 2952 b,311.6,1.2
HD 290327 b,2443,3.43
HD 29021 b,1362.3,2.28
HD 28678 b,387.1,1.24
HD 286123 b,11.168454,0.104
HD 285507 b,6.0962,0.0729
HD 283869 b,106,0.4
HD 283668 b,2558,3.3
HD 28254 A b,1116,2.15
HD 28185 b,383,1.03
HD 27894 d,5174,5.448
HD 27894 c,36.07,0.198
HD 27894 b,18.02,0.125
HD 27631 b,2208,3.25
HD 27442 b,415.2,1.16
HD 26965 b,42.378,0.215
HD 2685 b,4.12692,0.0568
HD 2638 b,3.43752,0.044
HD 25171 b,1845,3.02
HD 25015 b,6019,6.19
HD 24085 b,2.0455,0.034
HD 24064 b,555.6,1.29
HD 24040 b,3668,4.92
HD 240237 b,745.7,1.9
HD 240210 c,994,2.1
HD 240210 b,501.75,1.33
HD 238914 b,4100,5.7
HD 23596 b,1565,2.88
HD 23472 c,29.625,0.17
HD 23472 b,17.667,0.121
HD 233832 b,4047,4.438
HD 233604 b,192,0.747
HD 231701 b,141.89,0.53
HD 23127 b,1214,2.4
HD 23079 b,730.6,1.596
HD 22781 b,528.07,1.167
HD 224693 b,26.73,0.233
HD 224538 b,1189.1,2.28
HD 222582 b,572.38,1.35
HD 222155 b,3999,5.1
HD 222076 b,871,1.83
HD 221585 b,1173,2.306
HD 221416 b,14.2767,0.1228
HD 221287 b,456.1,1.25
HD 220842 A b,218.47,0.74
HD 220773 b,3724.7,4.94
HD 220689 b,2209,3.36
HD 220197 b,1728,2.729
HD 220074 b,672.1,1.6
HD 219828 c,4791,5.96
HD 219828 b,3.834887,0.045
HD 219666 b,6.03607,0.06356
HD 219542 B b,112.1,0.46
HD 219415 b,2093.3,3.2
HD 219134 h,2198,3.064
HD 219134 g,94.2,0.3753
HD 219134 f,22.805,0.139
HD 219134 e,1842,2.56
HD 219134 d,46.71,0.225
HD 219134 c,6.7635,0.062
HD 219134 b,3.0931,0.037
HD 219077 b,5513,7.03
HD 218566 b,225.7,0.6873
HD 217850 b,3508.1,4.656
HD 217786 A b,1319,2.38
HD 217107 c,4210,5.27
HD 217107 b,7.12689,0.073
HD 21693 c,53.881,0.2644
HD 21693 b,22.656,0.1484
HD 216770 b,118.45,0.46
HD 216536 b,148.6,0.609
HD 216437 b,1256,2.32
HD 216435 b,1311,2.56
HD 215497 c,567.94,1.282
HD 215497 b,3.93404,0.047
HD 215456 c,2277,3.394
HD 215456 b,191.99,0.652
HD 215152 e,25.1968,0.15417
HD 215152 d,10.8642,0.08799
HD 215152 c,7.28345,0.067399
HD 215152 b,5.75942,0.057635
HD 214823 b,1853.9,3.23
HD 21411 b,84.288,0.362
HD 213885 c,4.78503,0.056798
HD 213885 b,1.008035,0.02012
HD 213240 b,951,2.03
HD 212771 b,373.3,1.22
HD 212301 A b,2.245715,0.036
HD 211970 b,25.2,0.143
HD 211847 b,7930,7.5
HD 211810 b,1558,2.656
HD 210702 b,354.1,1.148
HD 210277 b,442.1,1.1
HD 210193 b,649.918,1.487
HD 209458 b,3.52472,0.04747
HD 208897 b,352.7,1.05
HD 20868 b,380.85,0.947
HD 208527 b,875.5,2.1
HD 208487 c,908,1.8
HD 208487 b,129.8,0.51
HD 20794 e,147.02,0.509
HD 20794 d,89.76,0.364
HD 20794 b,18.32,0.127
HD 207832 A c,1155.7,2.112
HD 207832 A b,161.97,0.57
HD 20782 b,591.9,1.381
HD 20781 c,85.131,0.3456
HD 20781 b,29.15,0.169
HD 206893 b,9862,10
HD 206610 b,610,1.68
HD 206255 b,96.045,0.461
HD 205739 b,279.8,0.896
HD 204941 b,1733,2.56
HD 204313 d,2831.6,3.93
HD 204313 c,34.905,0.2099
HD 204313 b,2024.1,3.167
HD 2039 b,1120,2.23
HD 20367 b,500,1.25
HD 203473 b,1552.9,2.73
HD 202772 A b,3.30896,0.0519
HD 202696 c,958,2.36
HD 202696 b,528.2,1.587
HD 202432 b,418.8,1.2
HD 202206 (AB) c,1260,2.41
HD 200964 c,825,1.95
HD 200964 b,613.8,1.601
HD 20003 c,33.823,0.1961
HD 20003 b,11.849,0.0974
HD 19994 A b,535.7,1.42
HD 197037 A b,1035.7,2.07
HD 196885 A b,1326,2.6
HD 196067 b,3638,5.02
HD 196050 b,1316.24,2.47
HD 195689 b,1.4811235,0.03368
HD 195019 b,18.20163,0.1388
HD 192699 b,340.94,1.063
HD 192263 b,24.3587,0.15312
HD 191939 d,38.3561,0.216
HD 191939 c,28.5806,0.178
HD 191939 b,8.880411,0.089
HD 191806 b,1606.3,2.8
HD 191760 c,86.83,0.42
HD 191760 b,8.64,0.09
HD 190984 b,4885,5.5
HD 190647 b,1038.1,2.07
HD 190360 c,17.1186,0.128
HD 190360 b,2867.9,3.92
HD 190228 b,1146,2
HD 189733 b,2.21857312,0.03142
HD 189567 b,14.275,0.1099
HD 188753 A b,3.3481,0.0446
HD 188015 b,456.46,1.19
HD 18742 b,766,1.82
HD 187123 c,3810,4.89
HD 187123 b,3.0965828,0.0426
HD 187085 b,986,2.05
HD 185269 A b,6.838,0.077
HD 183263 c,2950,4.25
HD 183263 b,626.5,1.51
HD 181720 b,956,1.78
HD 181433 d,7012,6.6
HD 181433 c,1014.5,1.819
HD 181433 b,9.3745,0.0801
HD 181342 b,564.1,1.592
HD 181234 b,7462.06,7.52
HD 180902 b,510.9,1.4
HD 180777 b,28.44,0.22
HD 180314 b,396.03,1.4
HD 18015 b,2278,3.87
HD 179949 b,3.0925,0.045
HD 179079 b,14.4708,0.1214
HD 178911 B b,71.487,0.32
HD 177830 A c,110.9,0.5137
HD 177830 A b,406.6,1.2218
HD 176986 c,16.8191,0.11878
HD 176986 b,6.4898,0.06296
HD 17674 b,623.8,1.42
HD 176051 b,1016,1.76
HD 175541 b,297.3,1.03
HD 175370 b,349.5,0.98
HD 175167 b,1290,2.4
HD 173416 b,323.6,1.16
HD 17156 c,111.314,0.481
HD 17156 b,21.2163979,0.1623
HD 171238 b,1523,2.54
HD 171028 b,550,1.32
HD 17092 b,359.9,1.29
HD 170469 b,1145,2.24
HD 169830 c,2102,3.6
HD 169830 b,225.62,0.81
HD 1690 b,533,1.3
HD 168746 b,6.403,0.065
HD 168443 c,1749.83,2.8373
HD 168443 b,58.11247,0.2931
HD 167677 b,1814,2.9
HD 16760 b,465.1,1.13
HD 167042 b,416.1,1.3
HD 166724 b,8100,5.42
HD 1666 b,270,0.94
HD 165155 b,434.5,1.13
HD 164922 c,75.765,0.3351
HD 164922 b,1201.1,2.115
HD 164604 b,641.47,1.331
HD 164595 b,40,0.23
HD 164509 b,282.4,0.875
HD 164428 b,599.6,1.6
HD 16417 b,17.24,0.14
HD 163607 c,1272,2.39
HD 163607 b,75.2203,0.362
HD 162020 b,8.428198,0.074
HD 162004 b,3117,4.43
HD 16175 b,995.4,2.148
HD 16141 A b,75.82,0.35
HD 160508 b,178.9049,0.68
HD 1605 c,2111,3.52
HD 1605 b,577.9,1.48
HD 159868 c,351,1.032
HD 159868 b,1184.1,2.32
HD 159243 c,248.4,0.8
HD 159243 b,12.62,0.11
HD 158996 b,820.2,2.1
HD 158038 b,521,1.52
HD 157172 b,104.84,0.416
HD 156846 b,359.5546,1.096
HD 156668 b,4.646,0.05
HD 156411 b,842.2,1.88
HD 156279 b,131.05,0.495
HD 155358 c,391.9,1.02
HD 155358 b,194.3,0.64
HD 155233 b,818.8,2
HD 154857 c,3452,5.36
HD 154857 b,408.6,1.291
HD 154672 b,163.91,0.6
HD 154345 b,3538,4.3
HD 154088 b,18.568,0.1316
HD 153950 b,499.4,1.28
HD 152581 b,689,1.48
HD 152079 b,2097,3.2
HD 150706 b,5894,6.7
HD 150433 b,1096.2,1.9303
HD 1502 b,428.5,1.262
HD 149382 b,2.391,0.0256
HD 149143 b,4.07206,0.052
HD 149026 b,2.8758916,0.04288
HD 148427 b,331.5,0.93
HD 148284 b,339.302,0.974
HD 148164 c,328.55,0.993
HD 148164 b,5062,6.15
HD 148156 b,1010,2.45
HD 147873 c,491.54,1.36
HD 147873 b,116.596,0.522
HD 14787 b,676.6,1.7
HD 147513 b,528.4,1.32
HD 147379 b,86.54,0.3193
HD 147018 c,1008,1.922
HD 147018 b,44.236,0.2388
HD 1461 e,454,1.165
HD 1461 d,5000,5
HD 1461 c,13.506,0.1117
HD 1461 b,5.7715,0.0634
HD 145934 b,2730,4.6
HD 145457 b,176.3,0.76
HD 145377 b,103.95,0.45
HD 143761 c,102.54,0.4123
HD 143761 b,39.8458,0.2196
HD 143361 b,1057,2
HD 143105 b,2.1974,0.0379
HD 142415 b,386.3,1.05
HD 142245 A b,1299,2.77
HD 142022 A b,1928,3.03
HD 142 A d,108.4,0.47
HD 142 A c,6005,6.8
HD 142 A b,349.7,1.02
HD 141937 b,653.22,1.52
HD 141399 e,5000,5
HD 141399 d,1069.8,2.09
HD 141399 c,201.99,0.689
HD 141399 b,94.44,0.415
HD 14067 b,1455,3.4
HD 1397 b,11.53604,0.1097
HD 139357 b,1125.7,2.36
HD 13931 b,4218,5.15
HD 13908 c,931,2.03
HD 13908 b,19.382,0.154
HD 13808 c,53.832,0.2476
HD 13808 b,14.182,0.1017
HD 137510 b,801.3,1.88
HD 137388 b,330,0.89
HD 13724 b,44926,26.3
HD 136418 b,464.3,1.32
HD 136352 d,106.72,0.411
HD 136352 c,27.582,0.1665
HD 136352 b,11.577,0.0933
HD 136118 b,1209,1.45
HD 134987 c,5000,5.8
HD 134987 b,258.19,0.81
HD 134606 d,459.26,1.1567
HD 134606 c,59.519,0.2962
HD 134606 b,12.083,0.1023
HD 134113 b,201.68,0.638
HD 134060 c,1160.9,2.2263
HD 134060 b,3.27,0.0444
HD 133131 A c,3407,4.36
HD 133131 A b,649,1.44
HD 132563 B b,1544,2.62
HD 132406 b,974,1.98
HD 13189 b,471.6,1.85
HD 13167 b,2613,4.1
HD 131664 b,1951,3.17
HD 131496 b,883,2.09
HD 130322 b,10.72,0.088
HD 129445 b,1840,2.9
HD 128356 b,298.2,0.87
HD 128311 c,919,1.76
HD 128311 b,448.6,1.099
HD 126614 A b,1244,2.35
HD 12661 c,1708,2.56
HD 12661 b,263.6,0.83
HD 126525 b,948.12,1.8105
HD 12648 b,133.6,0.54
HD 125612 d,3008,4.2
HD 125612 c,4.1547,0.05
HD 125612 b,502,1.37
HD 125595 b,9.6737,0.0809
HD 125390 b,1756.2,1.55
HD 12484 b,58.83,0.297
HD 122562 b,2777,4.1
HD 122430 b,344.95,1.02
HD 121504 b,63.33,0.33
HD 120084 b,2082,4.3
HD 11977 b,711,1.89
HD 11964 c,37.91,0.229
HD 11964 b,1945,3.16
HD 119445 b,410.2,1.71
HD 118904 b,676.7,1.7
HD 118203 b,6.13498,0.07082
HD 117618 b,25.8,0.18
HD 11755 b,433.7,1.08
HD 117207 b,2627.08,3.78
HD 116029 A b,670.2,1.73
HD 11506 c,170.46,0.639
HD 11506 b,1270,2.43
HD 114783 b,493.7,1.16
HD 114729 A b,1135,2.08
HD 114613 b,4000,5.34
HD 114386 b,937,1.02
HD 113996 b,610.2,1.6
HD 113538 c,1818,2.44
HD 113538 b,663.2,1.24
HD 113337 c,3264.7,4.8
HD 113337 b,323.4,1.03
HD 11231 b,5.2049,0.0664
HD 111591 b,1056.4,2.5
HD 111232 b,1143,1.97
HD 110014 c,130,0.64
HD 110014 b,882.6,2.31
HD 109749 b,5.23921,0.0635
HD 109271 c,30.93,0.196
HD 109271 b,7.8543,0.079
HD 109246 b,68.27,0.33
HD 108874 c,1605.8,2.68
HD 108874 b,395.4,1.051
HD 108863 b,443.4,1.4
HD 108341 A b,1129,2
HD 108147 b,10.8985,0.102
HD 107148 b,48.056,0.269
HD 107094 b,1870,2.76
HD 10697 b,1075.69,2.14
HD 106574 b,1065.7,2.2
HD 106515 A b,3630,4.59
HD 10647 b,1003,2.03
HD 106315 c,21.0576,0.1526
HD 106315 b,9.5521,0.09012
HD 106270 b,2890,4.3
HD 106252 b,1600,2.7
HD 104985 b,199.505,0.95
HD 10442 b,1043,2.335
HD 104304 b,17715,10.4
HD 104067 b,55.806,0.2643
HD 103949 b,120.878,0.439
HD 103774 A b,5.8881,0.07
HD 103720 b,4.5557,0.0498
HD 103197 b,47.84,0.249
HD 102956 b,6.495,0.081
HD 102843 b,3090.9,4.074
HD 102365 A b,122.1,0.46
HD 102329 b,778.1,2.01
HD 102272 c,520,1.57
HD 102272 b,127.58,0.614
HD 102195 b,4.113775,0.049
HD 102117 b,20.67,0.1532
HD 101930 b,70.46,0.302
HD 10180 j,67.55,0.33
HD 10180 i,9.655,0.0904
HD 10180 h,2222,3.4
HD 10180 g,601.2,1.422
HD 10180 f,122.76,0.4929
HD 10180 e,49.745,0.2699
HD 10180 d,16.3579,0.1286
HD 10180 c,5.75979,0.0641
HD 10180 b,1.17768,0.02225
HD 100777 b,383.7,1.03
HD 100655 b,157.57,0.76
HATS-9 b,1.9153073,0.03048
HATS-8 b,3.583893,0.04667
HATS-72 b,7.3279474,0.066517
HATS-71A b,3.7955213,0.03946
HATS-70 b,1.8882378,0.03632
HATS-7 b,3.185315,0.04012
HATS-69 b,2.2252577,0.03211
HATS-68 b,3.5862234,0.05053
HATS-67 b,1.6091789,0.03036
HATS-66 b,3.141439,0.04709
HATS-65 b,3.1051602,0.04511
HATS-64 b,4.908896,0.0656
HATS-62 b,3.2768838,0.04186
HATS-61 b,7.817954,0.07904
HATS-60 b,3.560827,0.0471
HATS-6 b,3.3252725,0.03623
HATS-59 c,1422,2.5
HATS-59 b,5.416081,0.06112
HATS-58A b,4.2180896,0.05798
HATS-57 b,2.350621,0.03493
HATS-56 b,4.324799,0.06043
HATS-54 b,2.5441828,0.03763
HATS-53 b,3.8537768,0.04753
HATS-52 b,1.3665436,0.02498
HATS-51 b,3.3488702,0.04639
HATS-50 b,3.8297015,0.05046
HATS-5 b,4.763387,0.0542
HATS-49 b,4.1480467,0.04515
HATS-48A b,3.1316666,0.03769
HATS-47 b,3.9228038,0.04269
HATS-46 b,4.7423729,0.05367
HATS-45 b,4.1876244,0.05511
HATS-44 b,2.7439004,0.03649
HATS-43 b,4.3888497,0.04944
HATS-42 b,2.292102,0.03689
HATS-41 b,4.193649,0.0583
HATS-40 b,3.2642736,0.04997
HATS-4 b,2.516729,0.0362
HATS-39 b,4.5776348,0.06
HATS-36 b,4.1752379,0.0529
HATS-35 b,1.8209933,0.03199
HATS-34 b,2.1061607,0.03166
HATS-33 b,2.5495551,0.03727
HATS-32 b,2.8126548,0.04024
HATS-31 b,3.37796,0.0478
HATS-30 b,3.1743516,0.04354
HATS-3 b,3.547851,0.0485
HATS-29 b,4.6058749,0.05475
HATS-28 b,3.1810781,0.04131
HATS-27 b,4.637038,0.0611
HATS-26 b,3.3023881,0.04735
HATS-25 b,4.2986432,0.05163
HATS-24 b,1.3484954,0.02547
HATS-23 b,2.1605156,0.03397
HATS-22 b,4.7228124,0.05025
HATS-21 b,3.5543973,0.04676
HATS-20 b,3.7992969,0.04619
HATS-2 b,1.354133,0.023
HATS-19 b,4.569673,0.0589
HATS-18 b,0.8378434,0.01761
HATS-17 b,16.254611,0.1308
HATS-16 b,2.686502,0.03744
HATS-15 b,1.74748753,0.02712
HATS-14 b,2.7667641,0.03815
HATS-13 b,3.0440499,0.04057
HATS-12 b,3.142833,0.04795
HATS-11 b,3.6191613,0.04614
HATS-10 b,3.312846,0.0449
HATS-1 b,3.446459,0.0444
HAT-P-9 b,3.922814,0.053
HAT-P-8 b,3.0763402,0.0449
HAT-P-70 b,2.74432452,0.04739
HAT-P-7 b,2.204735471,0.0379
HAT-P-69 b,4.7869491,0.06555
HAT-P-67 b,4.81010205,0.06505
HAT-P-66 b,2.972086,0.04363
HAT-P-65 b,2.6054552,0.03951
HAT-P-6 b,3.853003,0.05235
HAT-P-57 b,2.465295,0.0406
HAT-P-56 b,2.7908327,0.0423
HAT-P-55 b,3.5852467,0.04604
HAT-P-54 b,3.799847,0.04117
HAT-P-53 b,1.9616241,0.03159
HAT-P-52 b,2.7535953,0.03694
HAT-P-51 b,4.2180278,0.05069
HAT-P-50 b,3.1220109,0.0453
HAT-P-5 b,2.788491,0.04079
HAT-P-49 b,2.691548,0.0438
HAT-P-48 b,4.40865,0.0543
HAT-P-47 b,4.732182,0.0615
HAT-P-46 c,77.7,0.387
HAT-P-46 b,4.463129,0.0577
HAT-P-45 b,3.128992,0.0452
HAT-P-44 c,219.9,0.699
HAT-P-44 b,4.301217,0.0507
HAT-P-43 b,3.332688,0.0443
HAT-P-42 b,4.641876,0.0575
HAT-P-41 b,2.694047,0.0426
HAT-P-40 b,4.457243,0.0608
HAT-P-4 b,3.0565114,0.0446
HAT-P-39 b,3.54387,0.0509
HAT-P-38 b,4.640382,0.0523
HAT-P-37 b,2.797436,0.0379
HAT-P-36 b,1.327347,0.0238
HAT-P-35 b,3.646706,0.0498
HAT-P-34 b,5.452654,0.0677
HAT-P-33 b,3.474474,0.0503
HAT-P-32 b,2.150008,0.0343
HAT-P-31 b,5.005425,0.055
HAT-P-30 b,2.810595,0.0419
HAT-P-3 b,2.899703,0.03866
HAT-P-29 b,5.723186,0.0667
HAT-P-28 b,3.257215,0.0434
HAT-P-27 b,3.0395803,0.0403
HAT-P-26 b,4.234516,0.0479
HAT-P-25 b,3.652836,0.0466
HAT-P-24 b,3.35524,0.0465
HAT-P-23 b,1.212884,0.0232
HAT-P-22 b,3.21222,0.0414
HAT-P-21 b,4.124461,0.0494
HAT-P-20 b,2.875317,0.0361
HAT-P-2 b,5.6334729,0.0674
HAT-P-19 b,4.008784,0.0466
HAT-P-18 b,5.508029,0.0559
HAT-P-17 c,1798,2.75
HAT-P-17 b,10.338523,0.0882
HAT-P-16 b,2.77596,0.0413
HAT-P-15 b,10.863502,0.0964
HAT-P-14 b,4.627657,0.0594
HAT-P-13 d,4.37,0.056
HAT-P-13 c,446.27,1.186
HAT-P-13 b,2.916243,0.0426
HAT-P-12 b,3.2130598,0.0384
HAT-P-11 c,3407,4.13
HAT-P-11 b,4.887802443,0.053
HAT-P-10 A b,3.722469,0.0439
HAT-P-1 b,4.46529976,0.05561
Gliese 49 b,13.8508,0.0905
Gl 686 b,15.53,0.0912
Gl 378 b,3.822,0.039435
GJ 9827 d,6.201472,0.0627
GJ 9827 c,3.648086,0.044
GJ 9827 b,1.2089819,0.0211
GJ 96 b,73.94,0.291
GJ 876 e,124.69,0.3343
GJ 876 d,1.94,0.02080665
GJ 876 c,30.23,0.12959
GJ 876 b,61.03,0.208317
GJ 86 b,15.766,0.11
GJ 849 b,1914,2.35
GJ 832 c,35.67,0.162
GJ 832 b,3660,3.6
GJ 785 c,525.8,1.18
GJ 785 b,74.72,0.32
GJ 758 b,109000,33
GJ 752 A b,105.9,0.3357
GJ 687 b,38.14,0.16353
GJ 685 b,24.16,0.1344
GJ 682 c,57.32,0.176
GJ 682 b,17.478,0.08
GJ 676 A e,35.37,0.187
GJ 676 A d,3.6,0.0413
GJ 676 A c,7337,6.6
GJ 676 A b,1052.1,1.812
GJ 674 b,4.6944,0.039
GJ 667 C h,16.946,0.0893
GJ 667 C g,256.2,0.549
GJ 667 C f,39.026,0.156
GJ 667 C e,62.24,0.213
GJ 667 C d,91.61,0.276
GJ 667 C c,28.14,0.125
GJ 667 C b,7.2004,0.0505
GJ 649 c,4.4762,0.043
GJ 649 b,598.3,1.135
GJ 625 b,14.638,0.078399
GJ 581 g,36.652,0.14601
GJ 581 f,433,0.758
GJ 581 e,3.153,0.029
GJ 581 d,66.64,0.22
GJ 581 c,12.919,0.074
GJ 581 b,5.368,0.041
GJ 536 b,8.7076,0.06661
GJ 436 c,1.365862,0.0185
GJ 436 b,2.64394,0.02887
GJ 433 d,36.052,0.178
GJ 433 c,4874,4.692
GJ 433 b,7.3708,0.062
GJ 4276 c,6.675,0.052
GJ 4276 b,13.35,0.082
GJ 422 b,20.129,0.111
GJ 3998 c,13.74,0.089
GJ 3998 b,2.64977,0.029
GJ 3942 b,6.905,0.0608
GJ 3779 b,3.0232,0.026
GJ 3634 b,2.64561,0.0287
GJ 357 d,55.698,0.204
GJ 357 c,9.1246,0.0607
GJ 357 b,3.93086,0.033
GJ 3512 b,203.59,0.338
GJ 3470 b,3.336649,0.03557
GJ 3341 b,14.207,0.089
GJ 3323 c,40.54,0.1264
GJ 3323 b,5.3636,0.03282
GJ 3293 e,13.2543,0.0821
GJ 3293 d,48.1345,0.194
GJ 3293 c,122.6196,0.36175
GJ 3293 b,30.5987,0.14339
GJ 328 b,4100,4.5
GJ 317 c,397.7,0.763
GJ 317 b,698.2,1.11
GJ 3138 d,257.8,0.698
GJ 3138 c,1.22003,0.0197
GJ 3138 b,5.974,0.057
GJ 3082 b,11.949,0.079
GJ 3021 b,133.71,0.49
GJ 273 e,542,0.849
GJ 273 d,413.9,0.712
GJ 273 c,4.72322,0.036
GJ 273 b,18.64,0.09
GJ 27.1 b,15.819,0.101
GJ 229 B,52890,19.433
GJ 229 A c,122.005,0.339
GJ 229 A b,523.242,0.896
GJ 221 e,2.3946,0.03
GJ 180 d,106.341,0.31
GJ 180 c,24.329,0.129
GJ 180 b,17.132,0.092
GJ 179 c,3.4798,0.032
GJ 179 b,2288,2.41
GJ 176 c,28.586,0.146
GJ 176 b,8.7748,0.066
GJ 163 f,109.5,0.326
GJ 163 e,349,0.7
GJ 163 d,604,1.021
GJ 163 c,25.637,0.124
GJ 163 b,8.6312,0.06
GJ 160.2 b,9.7471,0.079
GJ 15A b,11.4407,0.072
GJ 143 c,7.78993,0.0695
GJ 143 b,35.61253,0.1932
GJ 1265 b,3.6511,0.026
GJ 1252 b,0.5182349,0.00916
GJ 1214 b,1.580404497,0.01411
GJ 1132 c,8.929,0.0476
GJ 1132 b,1.628931,0.0154
GJ 1061 d,12.434,0.052
GJ 1061 c,6.689,0.035
GJ 1061 b,3.204,0.021
GD 66 b,1650,2.356
gamma Lib c,964.6,2.1761
gamma Lib b,415.2,1.2397
gamma Cephei b,903.3,2.05
gamma 1 Leo b,428.5,1.19
G 9-40 b,5.746007,0.0385
Fomalhaut b,320000,115
EX Lup b,7.417,0.063
eta Cet c,751.9,1.93
eta Cet b,403.5,1.27
eps Tau b,594.9,1.9
eps Ind A b,16509,11.55
eps Eridani c,102270,40
eps Eridani b,2692,3.39
eps CrB b,417.9,1.3
EPIC 249893012 d,35.747,0.22
EPIC 249893012 c,15.624,0.13
EPIC 249893012 b,3.5951,0.047
EPIC 249889081 b,27.359,0.1768
EPIC 249801827 c,20.523,0.1159
EPIC 249801827 b,6.034,0.0513
EPIC 249622103 d,24.3662,0.1527
EPIC 249622103 b,2.46746,0.03317
EPIC 248545986 d,10.115,0.0685
EPIC 248545986 c,7.775,0.0576
EPIC 248545986 b,5.24,0.0441
EPIC 248435473 e,19.482,0.1227
EPIC 248435473 d,14.69699,0.1017
EPIC 248435473 c,7.814,0.06674
EPIC 248435473 b,0.658525,0.01283
EPIC 247267267 b,4.79507,0.04771
EPIC 246851721 b,6.180242,0.07239
EPIC 228934525 c,7.95478,0.0683
EPIC 228934525 b,3.67635,0.0408
EPIC 228754001 b,9.1708,0.0916
EPIC 220621087 b,3.835592,0.0365
EPIC 220598331 b,10.59357,0.0727
EPIC 220522664 b,11.332,0.083
EPIC 220504338 b,5.817712,0.0575
EPIC 220501947 b,4.024866,0.0467
EPIC 220194974 d,9.7579,0.0774
EPIC 220194974 c,6.9226,0.0616
EPIC 220194974 b,4.38395,0.0454
EPIC 219388192 b,5.292569,0.0593
EPIC 213715787 b,0.961917,0.0159
EPIC 212737443 c,65.55,0.28
EPIC 212737443 b,13.603,0.098
EPIC 212069861 b,30.9542,0.1641
EPIC 212036875 b,5.16992,0.0621
EPIC 212006344 b,2.219315,0.0288
EPIC 211945201 b,19.49213,0.148
EPIC 211442297 b,20.273034,0.1367
EPIC 211418729 b,11.39109,0.09309
EPIC 211391664 b,10.13675,0.0943
EPIC 211331236 c,5.44425,0.0491
EPIC 211331236 b,1.291563,0.0188
EPIC 210894022 b,5.35117,0.0621
EPIC 206061524 b,5.8797,0.0563
EPIC 206011691 c,15.5012,0.1026
EPIC 206011691 b,9.32414,0.0731
EPIC 205084841 b,11.310099,0.104
EPIC 201598502 b,7.51554,0.601
EPIC 201128338 b,32.6527,0.1735
DW Uma b,4967,5.8
DW Lyn b,1450,1.148
DS Tuc A b,8.138268,0.0795
DQ Her (AB) c,6460,6.49
DP Leo (AB) b,10230,8.19
DE0823-49 b,247.75,0.36
DE CVn b,4098.1,5.75
CoRoT-9 b,95.273804,0.407
CoRoT-8 b,6.21229,0.063
CoRoT-7 d,9.021,0.08
CoRoT-7 c,3.698,0.046
CoRoT-7 b,0.853585,0.0172
CoRoT-6 b,8.886593,0.0855
CoRoT-5 b,4.0378962,0.04947
CoRoT-4 b,9.20205,0.09
CoRoT-33 b,5.819143,0.0579
CoRoT-32 b,6.71837,0.071
CoRoT-31 b,4.62941,0.0586
CoRoT-30 b,9.06005,0.0844
CoRoT-3 b,4.2567994,0.057
CoRoT-29 b,2.85057,0.039
CoRoT-28 b,5.20851,0.059
CoRoT-27 b,3.57532,0.0476
CoRoT-26 b,4.20474,0.0526
CoRoT-25 b,4.86069,0.0578
CoRoT-24 c,11.759,0.098
CoRoT-24 b,5.1134,0.056
CoRoT-23 b,3.6314,0.0477
CoRoT-22 b,9.75598,0.092
CoRoT-21 b,2.72474,0.0417
Corot-20 c,1675,2.9
CoRoT-20 b,9.24285,0.0902
CoRoT-2 b,1.7429964,0.0281
CoRoT-19 b,3.89713,0.0518
CoRoT-18 b,1.9000693,0.0295
CoRoT-17 b,3.768125,0.0461
CoRoT-16 b,5.35227,0.0618
CoRoT-15 b,3.06036,0.045
CoRoT-14 b,1.51214,0.027
CoRoT-13 b,4.03519,0.051
CoRoT-12 b,2.828042,0.04016
CoRoT-11 b,2.994325,0.04351
CoRoT-10 b,13.2406,0.1055
CoRoT-1 b,1.5089557,0.0254
Cha Ha 8 b,1895,1.02
beta Umi b,522.3,1.4
beta Pic c,1238,2.72
beta Pic b,8191,9.68
beta Cnc b,605.2,1.7
BD+49 828 b,2590,4.2
BD+48 740 b,733,1.7
BD+48 738 b,392.6,1
BD+26 1888 b,536.78,1.19
BD+24 4697 b,145.081,0.5
BD+20 594 b,41.6855,0.241
BD+20 274 c,578.2,1.3
BD+20 2457 c,621.99,2.01
BD+20 2457 b,379.63,1.45
BD+15 2940 b,137.48,0.539
BD+15 2375 b,153.22,0.576
BD+14 4559 b,268.94,0.777
BD+03 2562 b,481.9,1.3
BD-17 63 b,655.6,1.34
BD-11 4672 b,1667,2.28
BD-10 3166 b,3.4878,0.046
BD-08 2823 c,237.6,0.68
BD-08 2823 b,5.6,0.056
BD-06 1339 d,487,1.06
BD-06 1339 c,125.26,0.435
BD-06 1339 b,3.8728,0.0428
AS 205 A b,24.84,0.162
anonymous b,157.57,0.77
Anon-1 b,1.3381,0.024
alf Per b,128.2,0.97
alf Ari b,380.8,1.2
91 Aqr b,181.4,0.7
81 Cet b,952.7,2.5
8 Umi b,93.4,0.49
75 Cet b,691.9,2.1
70 Vir b,116.67,0.48
7 CMA c,988.9,2.143
7 CMa b,736.9,1.761
61 Vir d,123.01,0.476
61 Vir c,38.021,0.2175
61 Vir b,4.215,0.050201
6 Lyn b,899,2.2
55 Cnc f,260.91,0.7733
55 Cnc e,0.7365478,0.015439
55 Cnc d,4867,5.446
55 Cnc c,44.373,0.23735
55 Cnc b,14.65314,0.11339
51 Peg b,4.2308,0.052
51 Eri b,10260,11.1
47 Uma d,14002,11.6
47 Uma c,2391,3.6
47 Uma b,1078,2.1
42 Dra b,479.1,1.19
4 Uma b,269.3,0.87
38 Vir b,825.9,1.82
30 Ari B b,335.1,0.995
2MASS J15344984-2952274 B,5550,2.3
2MASS J00413538-5621127 B,126,8.9
2M1510A b,20.902,0.063
2M1510A a,20.902,0.063
2M 2206-20 b,8686,4.48
2M 2140+16 b,7340,3.53
2M 1938+46 b,416,0.92
24 Sex c,883,2.08
24 Sex b,452.8,1.333
24 Boo b,30.3506,0.19
1SWASP J1407 b,3725,3.9
18 Del b,993.3,2.6
16 Cyg B b,799.5,1.68
14 Her c,6906,6.9
14 Her b,1773.4,2.77
14 And b,185.84,0.83
11 UMi b,516.22,1.54
11 Uma b,651.9,1.56
11 Oph b,730000,243
11 Com b,326.03,1.29
